Workbook

Sheet apostol
A1: Читання | B1: Книга | C1: Книга_код | D1: # зач. | E1: abc | F1: Присвята | G1: Примітка | H1: Дата (мінея) | I1: Період | J1: Тиждень від | K1: Тиждень до ВП | L1: День тижня | M1: Обч. день тижня | N1: Обч. період | O1: Обч. тиждень | P1: empty?
A2: Ді. 1 зач.; 1, 1-8. | B2: =LEFT(A2,FIND(".",A2)) -> Ді. | C2: ap | D2: =MID(A2,FIND(".",A2)+2,FIND(" ",RIGHT(A2,LEN(A2)-FIND(".",A2)-1))-1) -> 1 | E2: a | F2: В святу й велику неділю Пасхи | I2: lent | J2: 7 | L2: 7 | M2: =IFNA( VLOOKUP(LEFT(F2, IFERROR(FIND(" ", F2, 1),1) - 1), lists!$A$31:$B$37, 2, FALSE),"") | N2: =IFERROR(__xludf.DUMMYFUNCTION("IFNA(VLOOKUP(IFNA(REGEXEXTRACT(F2, ""(Пасхи|50-ці|посту)""),""""),lists!$A$39:$B$41,2,FALSE),"""")"),"pascha") -> pascha | O2: =IFERROR(__xludf.DUMMYFUNCTION("IFNA(REGEXEXTRACT(F2, ""\d{1,2}""),"""")"),"") | P2: =AND(OR(I2="",J2="",L2=""),H2="") -> FALSE
A3: Ді. 1 зач.; 1, 1-12. | B3: =LEFT(A3,FIND(".",A3)) -> Ді. | C3: ap | D3: =MID(A3,FIND(".",A3)+2,FIND(" ",RIGHT(A3,LEN(A3)-FIND(".",A3)-1))-1) -> 1 | E3: b | F3: На Вознесення Господнє | I3: pascha | J3: 6 | L3: 4 | M3: =IFNA( VLOOKUP(LEFT(F3, IFERROR(FIND(" ", F3, 1),1) - 1), lists!$A$31:$B$37, 2, FALSE),"") | N3: =IFERROR(__xludf.DUMMYFUNCTION("IFNA(VLOOKUP(IFNA(REGEXEXTRACT(F3, ""(Пасхи|50-ці|посту)""),""""),lists!$A$39:$B$41,2,FALSE),"""")"),"") | O3: =IFERROR(__xludf.DUMMYFUNCTION("IFNA(REGEXEXTRACT(F3, ""\d{1,2}""),"""")"),"") | P3: =AND(OR(I3="",J3="",L3=""),H3="") -> FALSE
A4: Ді. 2 зач.; 1, 12-17; 21-26. | B4: =LEFT(A4,FIND(".",A4)) -> Ді. | C4: ap | D4: =MID(A4,FIND(".",A4)+2,FIND(" ",RIGHT(A4,LEN(A4)-FIND(".",A4)-1))-1) -> 2 | F4: Понеділок світлого тижня. Цей і ап. Матію | I4: pascha | J4: 1 | L4: 1 | M4: =IFNA( VLOOKUP(LEFT(F4, IFERROR(FIND(" ", F4, 1),1) - 1), lists!$A$31:$B$37, 2, FALSE),"") -> 1 | N4: =IFERROR(__xludf.DUMMYFUNCTION("IFNA(VLOOKUP(IFNA(REGEXEXTRACT(F4, ""(Пасхи|50-ці|посту)""),""""),lists!$A$39:$B$41,2,FALSE),"""")"),"") | O4: =IFERROR(__xludf.DUMMYFUNCTION("IFNA(REGEXEXTRACT(F4, ""\d{1,2}""),"""")"),"") | P4: =AND(OR(I4="",J4="",L4=""),H4="") -> FALSE
A5: Ді. 3 зач.; 2, 1-11. | B5: =LEFT(A5,FIND(".",A5)) -> Ді. | C5: ap | D5: =MID(A5,FIND(".",A5)+2,FIND(" ",RIGHT(A5,LEN(A5)-FIND(".",A5)-1))-1) -> 3 | F5: Неділя 50-ці | I5: pentecost | J5: 7 | L5: 7 | M5: =IFNA( VLOOKUP(LEFT(F5, IFERROR(FIND(" ", F5, 1),1) - 1), lists!$A$31:$B$37, 2, FALSE),"") -> 7 | N5: =IFERROR(__xludf.DUMMYFUNCTION("IFNA(VLOOKUP(IFNA(REGEXEXTRACT(F5, ""(Пасхи|50-ці|посту)""),""""),lists!$A$39:$B$41,2,FALSE),"""")"),"pentecost") -> pentecost | O5: =IFERROR(__xludf.DUMMYFUNCTION("IFNA(REGEXEXTRACT(F5, ""\d{1,2}""),"""")"),"50") -> 50 | P5: =AND(OR(I5="",J5="",L5=""),H5="") -> FALSE
A6: Ді. 4 зач.; 2, 14-21. | B6: =LEFT(A6,FIND(".",A6)) -> Ді. | C6: ap | D6: =MID(A6,FIND(".",A6)+2,FIND(" ",RIGHT(A6,LEN(A6)-FIND(".",A6)-1))-1) -> 4 | F6: Вівторок світлого тижня | I6: pascha | J6: 1 | L6: 2 | M6: =IFNA( VLOOKUP(LEFT(F6, IFERROR(FIND(" ", F6, 1),1) - 1), lists!$A$31:$B$37, 2, FALSE),"") -> 2 | N6: =IFERROR(__xludf.DUMMYFUNCTION("IFNA(VLOOKUP(IFNA(REGEXEXTRACT(F6, ""(Пасхи|50-ці|посту)""),""""),lists!$A$39:$B$41,2,FALSE),"""")"),"") | O6: =IFERROR(__xludf.DUMMYFUNCTION("IFNA(REGEXEXTRACT(F6, ""\d{1,2}""),"""")"),"") | P6: =AND(OR(I6="",J6="",L6=""),H6="") -> FALSE
A7: Ді. 5 зач.; 2, 22-36. | B7: =LEFT(A7,FIND(".",A7)) -> Ді. | C7: ap | D7: =MID(A7,FIND(".",A7)+2,FIND(" ",RIGHT(A7,LEN(A7)-FIND(".",A7)-1))-1) -> 5 | F7: Середа світлого тижня | I7: pascha | J7: 1 | L7: 3 | M7: =IFNA( VLOOKUP(LEFT(F7, IFERROR(FIND(" ", F7, 1),1) - 1), lists!$A$31:$B$37, 2, FALSE),"") -> 3 | N7: =IFERROR(__xludf.DUMMYFUNCTION("IFNA(VLOOKUP(IFNA(REGEXEXTRACT(F7, ""(Пасхи|50-ці|посту)""),""""),lists!$A$39:$B$41,2,FALSE),"""")"),"") | O7: =IFERROR(__xludf.DUMMYFUNCTION("IFNA(REGEXEXTRACT(F7, ""\d{1,2}""),"""")"),"") | P7: =AND(OR(I7="",J7="",L7=""),H7="") -> FALSE
A8: Ді. 6 зач.; 2, 38-43. | B8: =LEFT(A8,FIND(".",A8)) -> Ді. | C8: ap | D8: =MID(A8,FIND(".",A8)+2,FIND(" ",RIGHT(A8,LEN(A8)-FIND(".",A8)-1))-1) -> 6 | F8: Четвер світлого тижня | I8: pascha | J8: 1 | L8: 4 | M8: =IFNA( VLOOKUP(LEFT(F8, IFERROR(FIND(" ", F8, 1),1) - 1), lists!$A$31:$B$37, 2, FALSE),"") -> 4 | N8: =IFERROR(__xludf.DUMMYFUNCTION("IFNA(VLOOKUP(IFNA(REGEXEXTRACT(F8, ""(Пасхи|50-ці|посту)""),""""),lists!$A$39:$B$41,2,FALSE),"""")"),"") | O8: =IFERROR(__xludf.DUMMYFUNCTION("IFNA(REGEXEXTRACT(F8, ""\d{1,2}""),"""")"),"") | P8: =AND(OR(I8="",J8="",L8=""),H8="") -> FALSE
A9: Ді. 7 зач.; 3, 1-8. | B9: =LEFT(A9,FIND(".",A9)) -> Ді. | C9: ap | D9: =MID(A9,FIND(".",A9)+2,FIND(" ",RIGHT(A9,LEN(A9)-FIND(".",A9)-1))-1) -> 7 | F9: П'ятниця світлого тижня | I9: pascha | J9: 1 | L9: 5 | M9: =IFNA( VLOOKUP(LEFT(F9, IFERROR(FIND(" ", F9, 1),1) - 1), lists!$A$31:$B$37, 2, FALSE),"") -> 5 | N9: =IFERROR(__xludf.DUMMYFUNCTION("IFNA(VLOOKUP(IFNA(REGEXEXTRACT(F9, ""(Пасхи|50-ці|посту)""),""""),lists!$A$39:$B$41,2,FALSE),"""")"),"") | O9: =IFERROR(__xludf.DUMMYFUNCTION("IFNA(REGEXEXTRACT(F9, ""\d{1,2}""),"""")"),"") | P9: =AND(OR(I9="",J9="",L9=""),H9="") -> FALSE
A10: Ді. 8 зач.; 3, 11-16. | B10: =LEFT(A10,FIND(".",A10)) -> Ді. | C10: ap | D10: =MID(A10,FIND(".",A10)+2,FIND(" ",RIGHT(A10,LEN(A10)-FIND(".",A10)-1))-1) -> 8 | F10: Субота світлого тижня | I10: pascha | J10: 1 | L10: 6 | M10: =IFNA( VLOOKUP(LEFT(F10, IFERROR(FIND(" ", F10, 1),1) - 1), lists!$A$31:$B$37, 2, FALSE),"") -> 6 | N10: =IFERROR(__xludf.DUMMYFUNCTION("IFNA(VLOOKUP(IFNA(REGEXEXTRACT(F10, ""(Пасхи|50-ці|посту)""),""""),lists!$A$39:$B$41,2,FALSE),"""")"),"") | O10: =IFERROR(__xludf.DUMMYFUNCTION("IFNA(REGEXEXTRACT(F10, ""\d{1,2}""),"""")"),"") | P10: =AND(OR(I10="",J10="",L10=""),H10="") -> FALSE
A11: Ді. 9 зач.; 3, 19-26. | B11: =LEFT(A11,FIND(".",A11)) -> Ді. | C11: ap | D11: =MID(A11,FIND(".",A11)+2,FIND(" ",RIGHT(A11,LEN(A11)-FIND(".",A11)-1))-1) -> 9 | F11: Понеділок 2-го тижня після Пасхи | I11: pascha | J11: 2 | L11: 1 | M11: =IFNA( VLOOKUP(LEFT(F11, IFERROR(FIND(" ", F11, 1),1) - 1), lists!$A$31:$B$37, 2, FALSE),"") -> 1 | N11: =IFERROR(__xludf.DUMMYFUNCTION("IFNA(VLOOKUP(IFNA(REGEXEXTRACT(F11, ""(Пасхи|50-ці|посту)""),""""),lists!$A$39:$B$41,2,FALSE),"""")"),"pascha") -> pascha | O11: =IFERROR(__xludf.DUMMYFUNCTION("IFNA(REGEXEXTRACT(F11, ""\d{1,2}""),"""")"),"2") -> 2 | P11: =AND(OR(I11="",J11="",L11=""),H11="") -> FALSE
A12: Ді. 10 зач.; 4, 1-10. | B12: =LEFT(A12,FIND(".",A12)) -> Ді. | C12: ap | D12: =MID(A12,FIND(".",A12)+2,FIND(" ",RIGHT(A12,LEN(A12)-FIND(".",A12)-1))-1) -> 10 | F12: Вівторок 2-го тижня після Пасхи | I12: pascha | J12: 2 | L12: 2 | M12: =IFNA( VLOOKUP(LEFT(F12, IFERROR(FIND(" ", F12, 1),1) - 1), lists!$A$31:$B$37, 2, FALSE),"") -> 2 | N12: =IFERROR(__xludf.DUMMYFUNCTION("IFNA(VLOOKUP(IFNA(REGEXEXTRACT(F12, ""(Пасхи|50-ці|посту)""),""""),lists!$A$39:$B$41,2,FALSE),"""")"),"pascha") -> pascha | O12: =IFERROR(__xludf.DUMMYFUNCTION("IFNA(REGEXEXTRACT(F12, ""\d{1,2}""),"""")"),"2") -> 2 | P12: =AND(OR(I12="",J12="",L12=""),H12="") -> FALSE
A13: Ді. 11 зач.; 4, 13-22. | B13: =LEFT(A13,FIND(".",A13)) -> Ді. | C13: ap | D13: =MID(A13,FIND(".",A13)+2,FIND(" ",RIGHT(A13,LEN(A13)-FIND(".",A13)-1))-1) -> 11 | F13: Середа 2-го тижня після Пасхи | I13: pascha | J13: 2 | L13: 3 | M13: =IFNA( VLOOKUP(LEFT(F13, IFERROR(FIND(" ", F13, 1),1) - 1), lists!$A$31:$B$37, 2, FALSE),"") -> 3 | N13: =IFERROR(__xludf.DUMMYFUNCTION("IFNA(VLOOKUP(IFNA(REGEXEXTRACT(F13, ""(Пасхи|50-ці|посту)""),""""),lists!$A$39:$B$41,2,FALSE),"""")"),"pascha") -> pascha | O13: =IFERROR(__xludf.DUMMYFUNCTION("IFNA(REGEXEXTRACT(F13, ""\d{1,2}""),"""")"),"2") -> 2 | P13: =AND(OR(I13="",J13="",L13=""),H13="") -> FALSE
A14: Ді. 12 зач.; 4, 23-31. | B14: =LEFT(A14,FIND(".",A14)) -> Ді. | C14: ap | D14: =MID(A14,FIND(".",A14)+2,FIND(" ",RIGHT(A14,LEN(A14)-FIND(".",A14)-1))-1) -> 12 | F14: Четвер 2-го тижня після Пасхи | I14: pascha | J14: 2 | L14: 4 | M14: =IFNA( VLOOKUP(LEFT(F14, IFERROR(FIND(" ", F14, 1),1) - 1), lists!$A$31:$B$37, 2, FALSE),"") -> 4 | N14: =IFERROR(__xludf.DUMMYFUNCTION("IFNA(VLOOKUP(IFNA(REGEXEXTRACT(F14, ""(Пасхи|50-ці|посту)""),""""),lists!$A$39:$B$41,2,FALSE),"""")"),"pascha") -> pascha | O14: =IFERROR(__xludf.DUMMYFUNCTION("IFNA(REGEXEXTRACT(F14, ""\d{1,2}""),"""")"),"2") -> 2 | P14: =AND(OR(I14="",J14="",L14=""),H14="") -> FALSE
A15: Ді. 13 зач.; 5, 1-11. | B15: =LEFT(A15,FIND(".",A15)) -> Ді. | C15: ap | D15: =MID(A15,FIND(".",A15)+2,FIND(" ",RIGHT(A15,LEN(A15)-FIND(".",A15)-1))-1) -> 13 | F15: П'ятниця 2-го тижня після Пасхи | I15: pascha | J15: 2 | L15: 5 | M15: =IFNA( VLOOKUP(LEFT(F15, IFERROR(FIND(" ", F15, 1),1) - 1), lists!$A$31:$B$37, 2, FALSE),"") -> 5 | N15: =IFERROR(__xludf.DUMMYFUNCTION("IFNA(VLOOKUP(IFNA(REGEXEXTRACT(F15, ""(Пасхи|50-ці|посту)""),""""),lists!$A$39:$B$41,2,FALSE),"""")"),"pascha") -> pascha | O15: =IFERROR(__xludf.DUMMYFUNCTION("IFNA(REGEXEXTRACT(F15, ""\d{1,2}""),"""")"),"2") -> 2 | P15: =AND(OR(I15="",J15="",L15=""),H15="") -> FALSE
A16: Ді. 14 зач.; 5, 12-20. | B16: =LEFT(A16,FIND(".",A16)) -> Ді. | C16: ap | D16: =MID(A16,FIND(".",A16)+2,FIND(" ",RIGHT(A16,LEN(A16)-FIND(".",A16)-1))-1) -> 14 | F16: Томина неділя | I16: pascha | J16: 1 | L16: 7 | M16: =IFNA( VLOOKUP(LEFT(F16, IFERROR(FIND(" ", F16, 1),1) - 1), lists!$A$31:$B$37, 2, FALSE),"") | N16: =IFERROR(__xludf.DUMMYFUNCTION("IFNA(VLOOKUP(IFNA(REGEXEXTRACT(F16, ""(Пасхи|50-ці|посту)""),""""),lists!$A$39:$B$41,2,FALSE),"""")"),"") | O16: =IFERROR(__xludf.DUMMYFUNCTION("IFNA(REGEXEXTRACT(F16, ""\d{1,2}""),"""")"),"") | P16: =AND(OR(I16="",J16="",L16=""),H16="") -> FALSE
A17: Ді. 15 зач.; 5, 21-33. | B17: =LEFT(A17,FIND(".",A17)) -> Ді. | C17: ap | D17: =MID(A17,FIND(".",A17)+2,FIND(" ",RIGHT(A17,LEN(A17)-FIND(".",A17)-1))-1) -> 15 | F17: Субота 2-го тижня після Пасхи | I17: pascha | J17: 2 | L17: 6 | M17: =IFNA( VLOOKUP(LEFT(F17, IFERROR(FIND(" ", F17, 1),1) - 1), lists!$A$31:$B$37, 2, FALSE),"") -> 6 | N17: =IFERROR(__xludf.DUMMYFUNCTION("IFNA(VLOOKUP(IFNA(REGEXEXTRACT(F17, ""(Пасхи|50-ці|посту)""),""""),lists!$A$39:$B$41,2,FALSE),"""")"),"pascha") -> pascha | O17: =IFERROR(__xludf.DUMMYFUNCTION("IFNA(REGEXEXTRACT(F17, ""\d{1,2}""),"""")"),"2") -> 2 | P17: =AND(OR(I17="",J17="",L17=""),H17="") -> FALSE
A18: Ді. 16 зач.; 6, 1-7. | B18: =LEFT(A18,FIND(".",A18)) -> Ді. | C18: ap | D18: =MID(A18,FIND(".",A18)+2,FIND(" ",RIGHT(A18,LEN(A18)-FIND(".",A18)-1))-1) -> 16 | F18: Неділя 3-тя після Пасхи | I18: pascha | J18: 3 | L18: 7 | M18: =IFNA( VLOOKUP(LEFT(F18, IFERROR(FIND(" ", F18, 1),1) - 1), lists!$A$31:$B$37, 2, FALSE),"") -> 7 | N18: =IFERROR(__xludf.DUMMYFUNCTION("IFNA(VLOOKUP(IFNA(REGEXEXTRACT(F18, ""(Пасхи|50-ці|посту)""),""""),lists!$A$39:$B$41,2,FALSE),"""")"),"pascha") -> pascha | O18: =IFERROR(__xludf.DUMMYFUNCTION("IFNA(REGEXEXTRACT(F18, ""\d{1,2}""),"""")"),"3") -> 3 | P18: =AND(OR(I18="",J18="",L18=""),H18="") -> FALSE
A19: Ді. 17 зач.; 6, 8 – 7, 5; 47-60. | B19: =LEFT(A19,FIND(".",A19)) -> Ді. | C19: ap | D19: =MID(A19,FIND(".",A19)+2,FIND(" ",RIGHT(A19,LEN(A19)-FIND(".",A19)-1))-1) -> 17 | F19: Понеділок 3-го тижня після Пасхи. Цей і святому Стефанові первомученику | I19: pascha | J19: 3 | L19: 1 | M19: =IFNA( VLOOKUP(LEFT(F19, IFERROR(FIND(" ", F19, 1),1) - 1), lists!$A$31:$B$37, 2, FALSE),"") -> 1 | N19: =IFERROR(__xludf.DUMMYFUNCTION("IFNA(VLOOKUP(IFNA(REGEXEXTRACT(F19, ""(Пасхи|50-ці|посту)""),""""),lists!$A$39:$B$41,2,FALSE),"""")"),"pascha") -> pascha | O19: =IFERROR(__xludf.DUMMYFUNCTION("IFNA(REGEXEXTRACT(F19, ""\d{1,2}""),"""")"),"3") -> 3 | P19: =AND(OR(I19="",J19="",L19=""),H19="") -> FALSE
A20: Ді. 18 зач.; 8, 5-17. | B20: =LEFT(A20,FIND(".",A20)) -> Ді. | C20: ap | D20: =MID(A20,FIND(".",A20)+2,FIND(" ",RIGHT(A20,LEN(A20)-FIND(".",A20)-1))-1) -> 18 | F20: Вівторок 3-го тижня після Пасхи | I20: pascha | J20: 3 | L20: 2 | M20: =IFNA( VLOOKUP(LEFT(F20, IFERROR(FIND(" ", F20, 1),1) - 1), lists!$A$31:$B$37, 2, FALSE),"") -> 2 | N20: =IFERROR(__xludf.DUMMYFUNCTION("IFNA(VLOOKUP(IFNA(REGEXEXTRACT(F20, ""(Пасхи|50-ці|посту)""),""""),lists!$A$39:$B$41,2,FALSE),"""")"),"pascha") -> pascha | O20: =IFERROR(__xludf.DUMMYFUNCTION("IFNA(REGEXEXTRACT(F20, ""\d{1,2}""),"""")"),"3") -> 3 | P20: =AND(OR(I20="",J20="",L20=""),H20="") -> FALSE
A21: Ді. 19 зач.; 8, 18-25. | B21: =LEFT(A21,FIND(".",A21)) -> Ді. | C21: ap | D21: =MID(A21,FIND(".",A21)+2,FIND(" ",RIGHT(A21,LEN(A21)-FIND(".",A21)-1))-1) -> 19 | F21: Середа 3-го тижня після Пасхи | I21: pascha | J21: 3 | L21: 3 | M21: =IFNA( VLOOKUP(LEFT(F21, IFERROR(FIND(" ", F21, 1),1) - 1), lists!$A$31:$B$37, 2, FALSE),"") -> 3 | N21: =IFERROR(__xludf.DUMMYFUNCTION("IFNA(VLOOKUP(IFNA(REGEXEXTRACT(F21, ""(Пасхи|50-ці|посту)""),""""),lists!$A$39:$B$41,2,FALSE),"""")"),"pascha") -> pascha | O21: =IFERROR(__xludf.DUMMYFUNCTION("IFNA(REGEXEXTRACT(F21, ""\d{1,2}""),"""")"),"3") -> 3 | P21: =AND(OR(I21="",J21="",L21=""),H21="") -> FALSE
A22: Ді. 20 зач.; 8, 26-39. | B22: =LEFT(A22,FIND(".",A22)) -> Ді. | C22: ap | D22: =MID(A22,FIND(".",A22)+2,FIND(" ",RIGHT(A22,LEN(A22)-FIND(".",A22)-1))-1) -> 20 | F22: Четвер 3-го тижня після Пасхи | I22: pascha | J22: 3 | L22: 4 | M22: =IFNA( VLOOKUP(LEFT(F22, IFERROR(FIND(" ", F22, 1),1) - 1), lists!$A$31:$B$37, 2, FALSE),"") -> 4 | N22: =IFERROR(__xludf.DUMMYFUNCTION("IFNA(VLOOKUP(IFNA(REGEXEXTRACT(F22, ""(Пасхи|50-ці|посту)""),""""),lists!$A$39:$B$41,2,FALSE),"""")"),"pascha") -> pascha | O22: =IFERROR(__xludf.DUMMYFUNCTION("IFNA(REGEXEXTRACT(F22, ""\d{1,2}""),"""")"),"3") -> 3 | P22: =AND(OR(I22="",J22="",L22=""),H22="") -> FALSE
A23: Ді. 21 зач.; 8, 40 – 9, 19. | B23: =LEFT(A23,FIND(".",A23)) -> Ді. | C23: ap | D23: =MID(A23,FIND(".",A23)+2,FIND(" ",RIGHT(A23,LEN(A23)-FIND(".",A23)-1))-1) -> 21 | E23: a | F23: П'ятниця 3-го тижня після Пасхи | I23: pascha | J23: 3 | L23: 5 | M23: =IFNA( VLOOKUP(LEFT(F23, IFERROR(FIND(" ", F23, 1),1) - 1), lists!$A$31:$B$37, 2, FALSE),"") -> 5 | N23: =IFERROR(__xludf.DUMMYFUNCTION("IFNA(VLOOKUP(IFNA(REGEXEXTRACT(F23, ""(Пасхи|50-ці|посту)""),""""),lists!$A$39:$B$41,2,FALSE),"""")"),"pascha") -> pascha | O23: =IFERROR(__xludf.DUMMYFUNCTION("IFNA(REGEXEXTRACT(F23, ""\d{1,2}""),"""")"),"3") -> 3 | P23: =AND(OR(I23="",J23="",L23=""),H23="") -> FALSE
A24: Ді. 21 зач.; 9, 10-19. | B24: =LEFT(A24,FIND(".",A24)) -> Ді. | C24: ap | D24: =MID(A24,FIND(".",A24)+2,FIND(" ",RIGHT(A24,LEN(A24)-FIND(".",A24)-1))-1) -> 21 | E24: b | F24: ап. Ананії | H24: * | M24: =IFNA( VLOOKUP(LEFT(F24, IFERROR(FIND(" ", F24, 1),1) - 1), lists!$A$31:$B$37, 2, FALSE),"") | N24: =IFERROR(__xludf.DUMMYFUNCTION("IFNA(VLOOKUP(IFNA(REGEXEXTRACT(F24, ""(Пасхи|50-ці|посту)""),""""),lists!$A$39:$B$41,2,FALSE),"""")"),"") | O24: =IFERROR(__xludf.DUMMYFUNCTION("IFNA(REGEXEXTRACT(F24, ""\d{1,2}""),"""")"),"") | P24: =AND(OR(I24="",J24="",L24=""),H24="") -> FALSE
A25: Ді. 22 зач.; 9, 20-31. | B25: =LEFT(A25,FIND(".",A25)) -> Ді. | C25: ap | D25: =MID(A25,FIND(".",A25)+2,FIND(" ",RIGHT(A25,LEN(A25)-FIND(".",A25)-1))-1) -> 22 | F25: Субота 3-тя після Пасхи | I25: pascha | J25: 3 | L25: 6 | M25: =IFNA( VLOOKUP(LEFT(F25, IFERROR(FIND(" ", F25, 1),1) - 1), lists!$A$31:$B$37, 2, FALSE),"") -> 6 | N25: =IFERROR(__xludf.DUMMYFUNCTION("IFNA(VLOOKUP(IFNA(REGEXEXTRACT(F25, ""(Пасхи|50-ці|посту)""),""""),lists!$A$39:$B$41,2,FALSE),"""")"),"pascha") -> pascha | O25: =IFERROR(__xludf.DUMMYFUNCTION("IFNA(REGEXEXTRACT(F25, ""\d{1,2}""),"""")"),"3") -> 3 | P25: =AND(OR(I25="",J25="",L25=""),H25="") -> FALSE
A26: Ді. 23 зач.; 9, 32-42. | B26: =LEFT(A26,FIND(".",A26)) -> Ді. | C26: ap | D26: =MID(A26,FIND(".",A26)+2,FIND(" ",RIGHT(A26,LEN(A26)-FIND(".",A26)-1))-1) -> 23 | F26: Неділя 4-та, про розслабленого | I26: pascha | J26: 3 | L26: 7 | M26: =IFNA( VLOOKUP(LEFT(F26, IFERROR(FIND(" ", F26, 1),1) - 1), lists!$A$31:$B$37, 2, FALSE),"") -> 7 | N26: =IFERROR(__xludf.DUMMYFUNCTION("IFNA(VLOOKUP(IFNA(REGEXEXTRACT(F26, ""(Пасхи|50-ці|посту)""),""""),lists!$A$39:$B$41,2,FALSE),"""")"),"") | O26: =IFERROR(__xludf.DUMMYFUNCTION("IFNA(REGEXEXTRACT(F26, ""\d{1,2}""),"""")"),"4") -> 4 | P26: =AND(OR(I26="",J26="",L26=""),H26="") -> FALSE
A27: Ді. 24 зач.; 10, 1-16. | B27: =LEFT(A27,FIND(".",A27)) -> Ді. | C27: ap | D27: =MID(A27,FIND(".",A27)+2,FIND(" ",RIGHT(A27,LEN(A27)-FIND(".",A27)-1))-1) -> 24 | F27: Понеділок 4-го тижня після Пасхи | I27: pascha | J27: 4 | L27: 1 | M27: =IFNA( VLOOKUP(LEFT(F27, IFERROR(FIND(" ", F27, 1),1) - 1), lists!$A$31:$B$37, 2, FALSE),"") -> 1 | N27: =IFERROR(__xludf.DUMMYFUNCTION("IFNA(VLOOKUP(IFNA(REGEXEXTRACT(F27, ""(Пасхи|50-ці|посту)""),""""),lists!$A$39:$B$41,2,FALSE),"""")"),"pascha") -> pascha | O27: =IFERROR(__xludf.DUMMYFUNCTION("IFNA(REGEXEXTRACT(F27, ""\d{1,2}""),"""")"),"4") -> 4 | P27: =AND(OR(I27="",J27="",L27=""),H27="") -> FALSE
A28: Ді. 25 зач.; 10, 21-33. | B28: =LEFT(A28,FIND(".",A28)) -> Ді. | C28: ap | D28: =MID(A28,FIND(".",A28)+2,FIND(" ",RIGHT(A28,LEN(A28)-FIND(".",A28)-1))-1) -> 25 | F28: Вівторок 4-го тижня після Пасхи | I28: pascha | J28: 4 | L28: 2 | M28: =IFNA( VLOOKUP(LEFT(F28, IFERROR(FIND(" ", F28, 1),1) - 1), lists!$A$31:$B$37, 2, FALSE),"") -> 2 | N28: =IFERROR(__xludf.DUMMYFUNCTION("IFNA(VLOOKUP(IFNA(REGEXEXTRACT(F28, ""(Пасхи|50-ці|посту)""),""""),lists!$A$39:$B$41,2,FALSE),"""")"),"pascha") -> pascha | O28: =IFERROR(__xludf.DUMMYFUNCTION("IFNA(REGEXEXTRACT(F28, ""\d{1,2}""),"""")"),"4") -> 4 | P28: =AND(OR(I28="",J28="",L28=""),H28="") -> FALSE
A29: Ді. 26 зач.; 10, 34-43. | B29: =LEFT(A29,FIND(".",A29)) -> Ді. | C29: ap | D29: =MID(A29,FIND(".",A29)+2,FIND(" ",RIGHT(A29,LEN(A29)-FIND(".",A29)-1))-1) -> 26 | F29: Четвер 4-го тижня після Пасхи | I29: pascha | J29: 4 | L29: 4 | M29: =IFNA( VLOOKUP(LEFT(F29, IFERROR(FIND(" ", F29, 1),1) - 1), lists!$A$31:$B$37, 2, FALSE),"") -> 4 | N29: =IFERROR(__xludf.DUMMYFUNCTION("IFNA(VLOOKUP(IFNA(REGEXEXTRACT(F29, ""(Пасхи|50-ці|посту)""),""""),lists!$A$39:$B$41,2,FALSE),"""")"),"pascha") -> pascha | O29: =IFERROR(__xludf.DUMMYFUNCTION("IFNA(REGEXEXTRACT(F29, ""\d{1,2}""),"""")"),"4") -> 4 | P29: =AND(OR(I29="",J29="",L29=""),H29="") -> FALSE
A30: Ді. 27 зач.; 10, 44 – 11, 10. | B30: =LEFT(A30,FIND(".",A30)) -> Ді. | C30: ap | D30: =MID(A30,FIND(".",A30)+2,FIND(" ",RIGHT(A30,LEN(A30)-FIND(".",A30)-1))-1) -> 27 | F30: П'ятниця 4-го тижня після Пасхи | I30: pascha | J30: 4 | L30: 5 | M30: =IFNA( VLOOKUP(LEFT(F30, IFERROR(FIND(" ", F30, 1),1) - 1), lists!$A$31:$B$37, 2, FALSE),"") -> 5 | N30: =IFERROR(__xludf.DUMMYFUNCTION("IFNA(VLOOKUP(IFNA(REGEXEXTRACT(F30, ""(Пасхи|50-ці|посту)""),""""),lists!$A$39:$B$41,2,FALSE),"""")"),"pascha") -> pascha | O30: =IFERROR(__xludf.DUMMYFUNCTION("IFNA(REGEXEXTRACT(F30, ""\d{1,2}""),"""")"),"4") -> 4 | P30: =AND(OR(I30="",J30="",L30=""),H30="") -> FALSE
A31: Ді. 28 зач.; 11, 19-26; 29-30. | B31: =LEFT(A31,FIND(".",A31)) -> Ді. | C31: ap | D31: =MID(A31,FIND(".",A31)+2,FIND(" ",RIGHT(A31,LEN(A31)-FIND(".",A31)-1))-1) -> 28 | F31: Неділя 5-та, про самарянку. Цей же і Вартоломею та Варнаві | I31: pascha | J31: 4 | L31: 7 | M31: =IFNA( VLOOKUP(LEFT(F31, IFERROR(FIND(" ", F31, 1),1) - 1), lists!$A$31:$B$37, 2, FALSE),"") -> 7 | N31: =IFERROR(__xludf.DUMMYFUNCTION("IFNA(VLOOKUP(IFNA(REGEXEXTRACT(F31, ""(Пасхи|50-ці|посту)""),""""),lists!$A$39:$B$41,2,FALSE),"""")"),"") | O31: =IFERROR(__xludf.DUMMYFUNCTION("IFNA(REGEXEXTRACT(F31, ""\d{1,2}""),"""")"),"5") -> 5 | P31: =AND(OR(I31="",J31="",L31=""),H31="") -> FALSE
A32: Ді. 29 зач.; 12, 1-11. | B32: =LEFT(A32,FIND(".",A32)) -> Ді. | C32: ap | D32: =MID(A32,FIND(".",A32)+2,FIND(" ",RIGHT(A32,LEN(A32)-FIND(".",A32)-1))-1) -> 29 | F32: Субота 4-та після Пасихи. Цей же і святому мученикові Юрієві, і Яковові Заведеєві | H32: * | J32: 4 | L32: 6 | M32: =IFNA( VLOOKUP(LEFT(F32, IFERROR(FIND(" ", F32, 1),1) - 1), lists!$A$31:$B$37, 2, FALSE),"") -> 6 | N32: =IFERROR(__xludf.DUMMYFUNCTION("IFNA(VLOOKUP(IFNA(REGEXEXTRACT(F32, ""(Пасхи|50-ці|посту)""),""""),lists!$A$39:$B$41,2,FALSE),"""")"),"") | O32: =IFERROR(__xludf.DUMMYFUNCTION("IFNA(REGEXEXTRACT(F32, ""\d{1,2}""),"""")"),"4") -> 4 | P32: =AND(OR(I32="",J32="",L32=""),H32="") -> FALSE
A33: Ді. 30 зач.; 12, 12-17. | B33: =LEFT(A33,FIND(".",A33)) -> Ді. | C33: ap | D33: =MID(A33,FIND(".",A33)+2,FIND(" ",RIGHT(A33,LEN(A33)-FIND(".",A33)-1))-1) -> 30 | F33: Понеділок 5-го тижня після Пасхи | I33: pascha | J33: 5 | L33: 1 | M33: =IFNA( VLOOKUP(LEFT(F33, IFERROR(FIND(" ", F33, 1),1) - 1), lists!$A$31:$B$37, 2, FALSE),"") -> 1 | N33: =IFERROR(__xludf.DUMMYFUNCTION("IFNA(VLOOKUP(IFNA(REGEXEXTRACT(F33, ""(Пасхи|50-ці|посту)""),""""),lists!$A$39:$B$41,2,FALSE),"""")"),"pascha") -> pascha | O33: =IFERROR(__xludf.DUMMYFUNCTION("IFNA(REGEXEXTRACT(F33, ""\d{1,2}""),"""")"),"5") -> 5 | P33: =AND(OR(I33="",J33="",L33=""),H33="") -> FALSE
A34: Ді. 31 зач.; 12, 25 – 13, 12. | B34: =LEFT(A34,FIND(".",A34)) -> Ді. | C34: ap | D34: =MID(A34,FIND(".",A34)+2,FIND(" ",RIGHT(A34,LEN(A34)-FIND(".",A34)-1))-1) -> 31 | F34: Вівторок 5-го тижня після Пасхи | I34: pascha | J34: 5 | L34: 2 | M34: =IFNA( VLOOKUP(LEFT(F34, IFERROR(FIND(" ", F34, 1),1) - 1), lists!$A$31:$B$37, 2, FALSE),"") -> 2 | N34: =IFERROR(__xludf.DUMMYFUNCTION("IFNA(VLOOKUP(IFNA(REGEXEXTRACT(F34, ""(Пасхи|50-ці|посту)""),""""),lists!$A$39:$B$41,2,FALSE),"""")"),"pascha") -> pascha | O34: =IFERROR(__xludf.DUMMYFUNCTION("IFNA(REGEXEXTRACT(F34, ""\d{1,2}""),"""")"),"5") -> 5 | P34: =AND(OR(I34="",J34="",L34=""),H34="") -> FALSE
A35: Ді. 32 зач.; 13, 13-24. | B35: =LEFT(A35,FIND(".",A35)) -> Ді. | C35: ap | D35: =MID(A35,FIND(".",A35)+2,FIND(" ",RIGHT(A35,LEN(A35)-FIND(".",A35)-1))-1) -> 32 | F35: Середа 5-го тижня після Пасхи | I35: pascha | J35: 5 | L35: 3 | M35: =IFNA( VLOOKUP(LEFT(F35, IFERROR(FIND(" ", F35, 1),1) - 1), lists!$A$31:$B$37, 2, FALSE),"") -> 3 | N35: =IFERROR(__xludf.DUMMYFUNCTION("IFNA(VLOOKUP(IFNA(REGEXEXTRACT(F35, ""(Пасхи|50-ці|посту)""),""""),lists!$A$39:$B$41,2,FALSE),"""")"),"pascha") -> pascha | O35: =IFERROR(__xludf.DUMMYFUNCTION("IFNA(REGEXEXTRACT(F35, ""\d{1,2}""),"""")"),"5") -> 5 | P35: =AND(OR(I35="",J35="",L35=""),H35="") -> FALSE
A36: Ді. 33 зач.; 13, 25-33. | B36: =LEFT(A36,FIND(".",A36)) -> Ді. | C36: ap | D36: =MID(A36,FIND(".",A36)+2,FIND(" ",RIGHT(A36,LEN(A36)-FIND(".",A36)-1))-1) -> 33 | F36: Усікновення голови св. Івана Христителя | H36: * | M36: =IFNA( VLOOKUP(LEFT(F36, IFERROR(FIND(" ", F36, 1),1) - 1), lists!$A$31:$B$37, 2, FALSE),"") | N36: =IFERROR(__xludf.DUMMYFUNCTION("IFNA(VLOOKUP(IFNA(REGEXEXTRACT(F36, ""(Пасхи|50-ці|посту)""),""""),lists!$A$39:$B$41,2,FALSE),"""")"),"") | O36: =IFERROR(__xludf.DUMMYFUNCTION("IFNA(REGEXEXTRACT(F36, ""\d{1,2}""),"""")"),"") | P36: =AND(OR(I36="",J36="",L36=""),H36="") -> FALSE
A37: Ді. 34 зач.; 14, 6-18. | B37: =LEFT(A37,FIND(".",A37)) -> Ді. | C37: ap | D37: =MID(A37,FIND(".",A37)+2,FIND(" ",RIGHT(A37,LEN(A37)-FIND(".",A37)-1))-1) -> 34 | F37: Середа Переполовення | I37: pascha | J37: 4 | L37: 3 | M37: =IFNA( VLOOKUP(LEFT(F37, IFERROR(FIND(" ", F37, 1),1) - 1), lists!$A$31:$B$37, 2, FALSE),"") -> 3 | N37: =IFERROR(__xludf.DUMMYFUNCTION("IFNA(VLOOKUP(IFNA(REGEXEXTRACT(F37, ""(Пасхи|50-ці|посту)""),""""),lists!$A$39:$B$41,2,FALSE),"""")"),"") | O37: =IFERROR(__xludf.DUMMYFUNCTION("IFNA(REGEXEXTRACT(F37, ""\d{1,2}""),"""")"),"") | P37: =AND(OR(I37="",J37="",L37=""),H37="") -> FALSE
A38: Ді. 35 зач.; 14, 20-27. | B38: =LEFT(A38,FIND(".",A38)) -> Ді. | C38: ap | D38: =MID(A38,FIND(".",A38)+2,FIND(" ",RIGHT(A38,LEN(A38)-FIND(".",A38)-1))-1) -> 35 | F38: Четвер 5-го тижня після Пасхи | I38: pascha | J38: 5 | L38: 4 | M38: =IFNA( VLOOKUP(LEFT(F38, IFERROR(FIND(" ", F38, 1),1) - 1), lists!$A$31:$B$37, 2, FALSE),"") -> 4 | N38: =IFERROR(__xludf.DUMMYFUNCTION("IFNA(VLOOKUP(IFNA(REGEXEXTRACT(F38, ""(Пасхи|50-ці|посту)""),""""),lists!$A$39:$B$41,2,FALSE),"""")"),"pascha") -> pascha | O38: =IFERROR(__xludf.DUMMYFUNCTION("IFNA(REGEXEXTRACT(F38, ""\d{1,2}""),"""")"),"5") -> 5 | P38: =AND(OR(I38="",J38="",L38=""),H38="") -> FALSE
A39: Ді. 36 зач.; 15, 5-34. | B39: =LEFT(A39,FIND(".",A39)) -> Ді. | C39: ap | D39: =MID(A39,FIND(".",A39)+2,FIND(" ",RIGHT(A39,LEN(A39)-FIND(".",A39)-1))-1) -> 36 | F39: П'ятниця 5-го тижня після Пасхи | I39: pascha | J39: 5 | L39: 5 | M39: =IFNA( VLOOKUP(LEFT(F39, IFERROR(FIND(" ", F39, 1),1) - 1), lists!$A$31:$B$37, 2, FALSE),"") -> 5 | N39: =IFERROR(__xludf.DUMMYFUNCTION("IFNA(VLOOKUP(IFNA(REGEXEXTRACT(F39, ""(Пасхи|50-ці|посту)""),""""),lists!$A$39:$B$41,2,FALSE),"""")"),"pascha") -> pascha | O39: =IFERROR(__xludf.DUMMYFUNCTION("IFNA(REGEXEXTRACT(F39, ""\d{1,2}""),"""")"),"5") -> 5 | P39: =AND(OR(I39="",J39="",L39=""),H39="") -> FALSE
A40: Ді. 37 зач.; 15, 35-41. | B40: =LEFT(A40,FIND(".",A40)) -> Ді. | C40: ap | D40: =MID(A40,FIND(".",A40)+2,FIND(" ",RIGHT(A40,LEN(A40)-FIND(".",A40)-1))-1) -> 37 | F40: Субота 5-го тижня після Пасхи | I40: pascha | J40: 5 | L40: 6 | M40: =IFNA( VLOOKUP(LEFT(F40, IFERROR(FIND(" ", F40, 1),1) - 1), lists!$A$31:$B$37, 2, FALSE),"") -> 6 | N40: =IFERROR(__xludf.DUMMYFUNCTION("IFNA(VLOOKUP(IFNA(REGEXEXTRACT(F40, ""(Пасхи|50-ці|посту)""),""""),lists!$A$39:$B$41,2,FALSE),"""")"),"pascha") -> pascha | O40: =IFERROR(__xludf.DUMMYFUNCTION("IFNA(REGEXEXTRACT(F40, ""\d{1,2}""),"""")"),"5") -> 5 | P40: =AND(OR(I40="",J40="",L40=""),H40="") -> FALSE
A41: Ді. 38 зач.; 16, 16-34. | B41: =LEFT(A41,FIND(".",A41)) -> Ді. | C41: ap | D41: =MID(A41,FIND(".",A41)+2,FIND(" ",RIGHT(A41,LEN(A41)-FIND(".",A41)-1))-1) -> 38 | F41: Неділя 6-та, про сліпого | I41: pascha | J41: 5 | L41: 7 | M41: =IFNA( VLOOKUP(LEFT(F41, IFERROR(FIND(" ", F41, 1),1) - 1), lists!$A$31:$B$37, 2, FALSE),"") -> 7 | N41: =IFERROR(__xludf.DUMMYFUNCTION("IFNA(VLOOKUP(IFNA(REGEXEXTRACT(F41, ""(Пасхи|50-ці|посту)""),""""),lists!$A$39:$B$41,2,FALSE),"""")"),"") | O41: =IFERROR(__xludf.DUMMYFUNCTION("IFNA(REGEXEXTRACT(F41, ""\d{1,2}""),"""")"),"6") -> 6 | P41: =AND(OR(I41="",J41="",L41=""),H41="") -> FALSE
A42: Ді. 39 зач.; 17, 1-15. | B42: =LEFT(A42,FIND(".",A42)) -> Ді. | C42: ap | D42: =MID(A42,FIND(".",A42)+2,FIND(" ",RIGHT(A42,LEN(A42)-FIND(".",A42)-1))-1) -> 39 | F42: Понеділок 6-го тижня після Пасхи | I42: pascha | J42: 6 | L42: 1 | M42: =IFNA( VLOOKUP(LEFT(F42, IFERROR(FIND(" ", F42, 1),1) - 1), lists!$A$31:$B$37, 2, FALSE),"") -> 1 | N42: =IFERROR(__xludf.DUMMYFUNCTION("IFNA(VLOOKUP(IFNA(REGEXEXTRACT(F42, ""(Пасхи|50-ці|посту)""),""""),lists!$A$39:$B$41,2,FALSE),"""")"),"pascha") -> pascha | O42: =IFERROR(__xludf.DUMMYFUNCTION("IFNA(REGEXEXTRACT(F42, ""\d{1,2}""),"""")"),"6") -> 6 | P42: =AND(OR(I42="",J42="",L42=""),H42="") -> FALSE
A43: Ді. 40 зач.; 17, 19-28. | B43: =LEFT(A43,FIND(".",A43)) -> Ді. | C43: ap | D43: =MID(A43,FIND(".",A43)+2,FIND(" ",RIGHT(A43,LEN(A43)-FIND(".",A43)-1))-1) -> 40 | E43: a | F43: Вівторок 6-го тижня після Пасхи | I43: pascha | J43: 6 | L43: 2 | M43: =IFNA( VLOOKUP(LEFT(F43, IFERROR(FIND(" ", F43, 1),1) - 1), lists!$A$31:$B$37, 2, FALSE),"") -> 2 | N43: =IFERROR(__xludf.DUMMYFUNCTION("IFNA(VLOOKUP(IFNA(REGEXEXTRACT(F43, ""(Пасхи|50-ці|посту)""),""""),lists!$A$39:$B$41,2,FALSE),"""")"),"pascha") -> pascha | O43: =IFERROR(__xludf.DUMMYFUNCTION("IFNA(REGEXEXTRACT(F43, ""\d{1,2}""),"""")"),"6") -> 6 | P43: =AND(OR(I43="",J43="",L43=""),H43="") -> FALSE
A44: Ді. 40 зач.; 17, 16-34. | B44: =LEFT(A44,FIND(".",A44)) -> Ді. | C44: ap | D44: =MID(A44,FIND(".",A44)+2,FIND(" ",RIGHT(A44,LEN(A44)-FIND(".",A44)-1))-1) -> 40 | E44: b | F44: Святому Діонисієві Ареопагітові | H44: * | M44: =IFNA( VLOOKUP(LEFT(F44, IFERROR(FIND(" ", F44, 1),1) - 1), lists!$A$31:$B$37, 2, FALSE),"") | N44: =IFERROR(__xludf.DUMMYFUNCTION("IFNA(VLOOKUP(IFNA(REGEXEXTRACT(F44, ""(Пасхи|50-ці|посту)""),""""),lists!$A$39:$B$41,2,FALSE),"""")"),"") | O44: =IFERROR(__xludf.DUMMYFUNCTION("IFNA(REGEXEXTRACT(F44, ""\d{1,2}""),"""")"),"") | P44: =AND(OR(I44="",J44="",L44=""),H44="") -> FALSE
A45: Ді. 40 зач.; 18, 1-11. | B45: =LEFT(A45,FIND(".",A45)) -> Ді. | C45: ap | D45: =MID(A45,FIND(".",A45)+2,FIND(" ",RIGHT(A45,LEN(A45)-FIND(".",A45)-1))-1) -> 40 | E45: c | F45: На заснування і оновлення міста | H45: * | M45: =IFNA( VLOOKUP(LEFT(F45, IFERROR(FIND(" ", F45, 1),1) - 1), lists!$A$31:$B$37, 2, FALSE),"") | N45: =IFERROR(__xludf.DUMMYFUNCTION("IFNA(VLOOKUP(IFNA(REGEXEXTRACT(F45, ""(Пасхи|50-ці|посту)""),""""),lists!$A$39:$B$41,2,FALSE),"""")"),"") | O45: =IFERROR(__xludf.DUMMYFUNCTION("IFNA(REGEXEXTRACT(F45, ""\d{1,2}""),"""")"),"") | P45: =AND(OR(I45="",J45="",L45=""),H45="") -> FALSE
A46: Ді. 41 зач.; 18, 22-28. | B46: =LEFT(A46,FIND(".",A46)) -> Ді. | C46: ap | D46: =MID(A46,FIND(".",A46)+2,FIND(" ",RIGHT(A46,LEN(A46)-FIND(".",A46)-1))-1) -> 41 | F46: Середа 6-го тижня після Пасхи | I46: pascha | J46: 6 | L46: 3 | M46: =IFNA( VLOOKUP(LEFT(F46, IFERROR(FIND(" ", F46, 1),1) - 1), lists!$A$31:$B$37, 2, FALSE),"") -> 3 | N46: =IFERROR(__xludf.DUMMYFUNCTION("IFNA(VLOOKUP(IFNA(REGEXEXTRACT(F46, ""(Пасхи|50-ці|посту)""),""""),lists!$A$39:$B$41,2,FALSE),"""")"),"pascha") -> pascha | O46: =IFERROR(__xludf.DUMMYFUNCTION("IFNA(REGEXEXTRACT(F46, ""\d{1,2}""),"""")"),"6") -> 6 | P46: =AND(OR(I46="",J46="",L46=""),H46="") -> FALSE
A47: Ді. 42 зач.; 19, 1-8. | B47: =LEFT(A47,FIND(".",A47)) -> Ді. | C47: ap | D47: =MID(A47,FIND(".",A47)+2,FIND(" ",RIGHT(A47,LEN(A47)-FIND(".",A47)-1))-1) -> 42 | F47: П'ятниця 6-го тижня після Пасхи. Це й 8-го січня, Христителеві | H47: ? | I47: pascha | J47: 6 | L47: 5 | M47: =IFNA( VLOOKUP(LEFT(F47, IFERROR(FIND(" ", F47, 1),1) - 1), lists!$A$31:$B$37, 2, FALSE),"") -> 5 | N47: =IFERROR(__xludf.DUMMYFUNCTION("IFNA(VLOOKUP(IFNA(REGEXEXTRACT(F47, ""(Пасхи|50-ці|посту)""),""""),lists!$A$39:$B$41,2,FALSE),"""")"),"pascha") -> pascha | O47: =IFERROR(__xludf.DUMMYFUNCTION("IFNA(REGEXEXTRACT(F47, ""\d{1,2}""),"""")"),"6") -> 6 | P47: =AND(OR(I47="",J47="",L47=""),H47="") -> FALSE
A48: Ді. 43 зач.; 20, 7-12. | B48: =LEFT(A48,FIND(".",A48)) -> Ді. | C48: ap | D48: =MID(A48,FIND(".",A48)+2,FIND(" ",RIGHT(A48,LEN(A48)-FIND(".",A48)-1))-1) -> 43 | F48: Субота 6-та після Пасхи | I48: pascha | J48: 6 | L48: 6 | M48: =IFNA( VLOOKUP(LEFT(F48, IFERROR(FIND(" ", F48, 1),1) - 1), lists!$A$31:$B$37, 2, FALSE),"") -> 6 | N48: =IFERROR(__xludf.DUMMYFUNCTION("IFNA(VLOOKUP(IFNA(REGEXEXTRACT(F48, ""(Пасхи|50-ці|посту)""),""""),lists!$A$39:$B$41,2,FALSE),"""")"),"pascha") -> pascha | O48: =IFERROR(__xludf.DUMMYFUNCTION("IFNA(REGEXEXTRACT(F48, ""\d{1,2}""),"""")"),"6") -> 6 | P48: =AND(OR(I48="",J48="",L48=""),H48="") -> FALSE
A49: Ді. 44 зач.; 20, 16-18; 28-36. | B49: =LEFT(A49,FIND(".",A49)) -> Ді. | C49: ap | D49: =MID(A49,FIND(".",A49)+2,FIND(" ",RIGHT(A49,LEN(A49)-FIND(".",A49)-1))-1) -> 44 | F49: Неділя 7-ма, святих отців | I49: pascha | J49: 6 | L49: 7 | M49: =IFNA( VLOOKUP(LEFT(F49, IFERROR(FIND(" ", F49, 1),1) - 1), lists!$A$31:$B$37, 2, FALSE),"") -> 7 | N49: =IFERROR(__xludf.DUMMYFUNCTION("IFNA(VLOOKUP(IFNA(REGEXEXTRACT(F49, ""(Пасхи|50-ці|посту)""),""""),lists!$A$39:$B$41,2,FALSE),"""")"),"") | O49: =IFERROR(__xludf.DUMMYFUNCTION("IFNA(REGEXEXTRACT(F49, ""\d{1,2}""),"""")"),"7") -> 7 | P49: =AND(OR(I49="",J49="",L49=""),H49="") -> FALSE
A50: Ді. 45 зач.; 21, 8-14. | B50: =LEFT(A50,FIND(".",A50)) -> Ді. | C50: ap | D50: =MID(A50,FIND(".",A50)+2,FIND(" ",RIGHT(A50,LEN(A50)-FIND(".",A50)-1))-1) -> 45 | F50: Понеділок 7-го тижня після Пасхи | I50: pascha | J50: 7 | L50: 1 | M50: =IFNA( VLOOKUP(LEFT(F50, IFERROR(FIND(" ", F50, 1),1) - 1), lists!$A$31:$B$37, 2, FALSE),"") -> 1 | N50: =IFERROR(__xludf.DUMMYFUNCTION("IFNA(VLOOKUP(IFNA(REGEXEXTRACT(F50, ""(Пасхи|50-ці|посту)""),""""),lists!$A$39:$B$41,2,FALSE),"""")"),"pascha") -> pascha | O50: =IFERROR(__xludf.DUMMYFUNCTION("IFNA(REGEXEXTRACT(F50, ""\d{1,2}""),"""")"),"7") -> 7 | P50: =AND(OR(I50="",J50="",L50=""),H50="") -> FALSE
A51: Ді. 46 зач.; 21, 26-32. | B51: =LEFT(A51,FIND(".",A51)) -> Ді. | C51: ap | D51: =MID(A51,FIND(".",A51)+2,FIND(" ",RIGHT(A51,LEN(A51)-FIND(".",A51)-1))-1) -> 46 | F51: Вівторок 7-го тижня після Пасхи | I51: pascha | J51: 7 | L51: 2 | M51: =IFNA( VLOOKUP(LEFT(F51, IFERROR(FIND(" ", F51, 1),1) - 1), lists!$A$31:$B$37, 2, FALSE),"") -> 2 | N51: =IFERROR(__xludf.DUMMYFUNCTION("IFNA(VLOOKUP(IFNA(REGEXEXTRACT(F51, ""(Пасхи|50-ці|посту)""),""""),lists!$A$39:$B$41,2,FALSE),"""")"),"pascha") -> pascha | O51: =IFERROR(__xludf.DUMMYFUNCTION("IFNA(REGEXEXTRACT(F51, ""\d{1,2}""),"""")"),"7") -> 7 | P51: =AND(OR(I51="",J51="",L51=""),H51="") -> FALSE
A52: Ді. 47 зач.; 23, 1-11. | B52: =LEFT(A52,FIND(".",A52)) -> Ді. | C52: ap | D52: =MID(A52,FIND(".",A52)+2,FIND(" ",RIGHT(A52,LEN(A52)-FIND(".",A52)-1))-1) -> 47 | F52: Середа 7-го тижня після Пасхи | I52: pascha | J52: 7 | L52: 3 | M52: =IFNA( VLOOKUP(LEFT(F52, IFERROR(FIND(" ", F52, 1),1) - 1), lists!$A$31:$B$37, 2, FALSE),"") -> 3 | N52: =IFERROR(__xludf.DUMMYFUNCTION("IFNA(VLOOKUP(IFNA(REGEXEXTRACT(F52, ""(Пасхи|50-ці|посту)""),""""),lists!$A$39:$B$41,2,FALSE),"""")"),"pascha") -> pascha | O52: =IFERROR(__xludf.DUMMYFUNCTION("IFNA(REGEXEXTRACT(F52, ""\d{1,2}""),"""")"),"7") -> 7 | P52: =AND(OR(I52="",J52="",L52=""),H52="") -> FALSE
A53: Ді. 48 зач.; 25, 13-19. | B53: =LEFT(A53,FIND(".",A53)) -> Ді. | C53: ap | D53: =MID(A53,FIND(".",A53)+2,FIND(" ",RIGHT(A53,LEN(A53)-FIND(".",A53)-1))-1) -> 48 | F53: Четвер 7-го тижня після Пасхи | I53: pascha | J53: 7 | L53: 4 | M53: =IFNA( VLOOKUP(LEFT(F53, IFERROR(FIND(" ", F53, 1),1) - 1), lists!$A$31:$B$37, 2, FALSE),"") -> 4 | N53: =IFERROR(__xludf.DUMMYFUNCTION("IFNA(VLOOKUP(IFNA(REGEXEXTRACT(F53, ""(Пасхи|50-ці|посту)""),""""),lists!$A$39:$B$41,2,FALSE),"""")"),"pascha") -> pascha | O53: =IFERROR(__xludf.DUMMYFUNCTION("IFNA(REGEXEXTRACT(F53, ""\d{1,2}""),"""")"),"7") -> 7 | P53: =AND(OR(I53="",J53="",L53=""),H53="") -> FALSE
A54: Ді. 49 зач.; 26, 1-5; 12-20. | B54: =LEFT(A54,FIND(".",A54)) -> Ді. | C54: ap | D54: =MID(A54,FIND(".",A54)+2,FIND(" ",RIGHT(A54,LEN(A54)-FIND(".",A54)-1))-1) -> 49 | F54: 21-го травня, цареві Константинові, цей і княгині Ользі | H54: * | J54: 21 | M54: =IFNA( VLOOKUP(LEFT(F54, IFERROR(FIND(" ", F54, 1),1) - 1), lists!$A$31:$B$37, 2, FALSE),"") | N54: =IFERROR(__xludf.DUMMYFUNCTION("IFNA(VLOOKUP(IFNA(REGEXEXTRACT(F54, ""(Пасхи|50-ці|посту)""),""""),lists!$A$39:$B$41,2,FALSE),"""")"),"") | O54: =IFERROR(__xludf.DUMMYFUNCTION("IFNA(REGEXEXTRACT(F54, ""\d{1,2}""),"""")"),"21") -> 21 | P54: =AND(OR(I54="",J54="",L54=""),H54="") -> FALSE
A55: Ді. 50 зач.; 27, 1-44. | B55: =LEFT(A55,FIND(".",A55)) -> Ді. | C55: ap | D55: =MID(A55,FIND(".",A55)+2,FIND(" ",RIGHT(A55,LEN(A55)-FIND(".",A55)-1))-1) -> 50 | E55: a | F55: П'ятниця 7-го тижня після Пасхи | I55: pascha | J55: 7 | L55: 5 | M55: =IFNA( VLOOKUP(LEFT(F55, IFERROR(FIND(" ", F55, 1),1) - 1), lists!$A$31:$B$37, 2, FALSE),"") -> 5 | N55: =IFERROR(__xludf.DUMMYFUNCTION("IFNA(VLOOKUP(IFNA(REGEXEXTRACT(F55, ""(Пасхи|50-ці|посту)""),""""),lists!$A$39:$B$41,2,FALSE),"""")"),"pascha") -> pascha | O55: =IFERROR(__xludf.DUMMYFUNCTION("IFNA(REGEXEXTRACT(F55, ""\d{1,2}""),"""")"),"7") -> 7 | P55: =AND(OR(I55="",J55="",L55=""),H55="") -> FALSE
A56: Як. 50 зач.; 1, 1-18. | B56: =LEFT(A56,FIND(".",A56)) -> Як. | C56: ap | D56: =MID(A56,FIND(".",A56)+2,FIND(" ",RIGHT(A56,LEN(A56)-FIND(".",A56)-1))-1) -> 50 | E56: b | F56: Середа 31-го тижня після 50-ці | I56: pentecost | J56: 31 | L56: 3 | M56: =IFNA( VLOOKUP(LEFT(F56, IFERROR(FIND(" ", F56, 1),1) - 1), lists!$A$31:$B$37, 2, FALSE),"") -> 3 | N56: =IFERROR(__xludf.DUMMYFUNCTION("IFNA(VLOOKUP(IFNA(REGEXEXTRACT(F56, ""(Пасхи|50-ці|посту)""),""""),lists!$A$39:$B$41,2,FALSE),"""")"),"pentecost") -> pentecost | O56: =IFERROR(__xludf.DUMMYFUNCTION("IFNA(REGEXEXTRACT(F56, ""\d{1,2}""),"""")"),"31") -> 31 | P56: =AND(OR(I56="",J56="",L56=""),H56="") -> FALSE
A57: Ді. 51 зач.; 28, 1-31. | B57: =LEFT(A57,FIND(".",A57)) -> Ді. | C57: ap | D57: =MID(A57,FIND(".",A57)+2,FIND(" ",RIGHT(A57,LEN(A57)-FIND(".",A57)-1))-1) -> 51 | E57: a | F57: Субота 7-ма після Пасхи | I57: pascha | J57: 7 | L57: 6 | M57: =IFNA( VLOOKUP(LEFT(F57, IFERROR(FIND(" ", F57, 1),1) - 1), lists!$A$31:$B$37, 2, FALSE),"") -> 6 | N57: =IFERROR(__xludf.DUMMYFUNCTION("IFNA(VLOOKUP(IFNA(REGEXEXTRACT(F57, ""(Пасхи|50-ці|посту)""),""""),lists!$A$39:$B$41,2,FALSE),"""")"),"pascha") -> pascha | O57: =IFERROR(__xludf.DUMMYFUNCTION("IFNA(REGEXEXTRACT(F57, ""\d{1,2}""),"""")"),"7") -> 7 | P57: =AND(OR(I57="",J57="",L57=""),H57="") -> FALSE
A58: Як. 51 зач.; 1, 19-27. | B58: =LEFT(A58,FIND(".",A58)) -> Як. | C58: ap | D58: =MID(A58,FIND(".",A58)+2,FIND(" ",RIGHT(A58,LEN(A58)-FIND(".",A58)-1))-1) -> 51 | E58: b | F58: Четвер 31-го тижня після 50-ці | I58: pentecost | J58: 31 | L58: 4 | M58: =IFNA( VLOOKUP(LEFT(F58, IFERROR(FIND(" ", F58, 1),1) - 1), lists!$A$31:$B$37, 2, FALSE),"") -> 4 | N58: =IFERROR(__xludf.DUMMYFUNCTION("IFNA(VLOOKUP(IFNA(REGEXEXTRACT(F58, ""(Пасхи|50-ці|посту)""),""""),lists!$A$39:$B$41,2,FALSE),"""")"),"pentecost") -> pentecost | O58: =IFERROR(__xludf.DUMMYFUNCTION("IFNA(REGEXEXTRACT(F58, ""\d{1,2}""),"""")"),"31") -> 31 | P58: =AND(OR(I58="",J58="",L58=""),H58="") -> FALSE
A59: Як. 52 зач.; 2, 1-13. | B59: =LEFT(A59,FIND(".",A59)) -> Як. | C59: ap | D59: =MID(A59,FIND(".",A59)+2,FIND(" ",RIGHT(A59,LEN(A59)-FIND(".",A59)-1))-1) -> 52 | F59: П'ятниця 31-го тижня після 50-ці | I59: pentecost | J59: 31 | L59: 5 | M59: =IFNA( VLOOKUP(LEFT(F59, IFERROR(FIND(" ", F59, 1),1) - 1), lists!$A$31:$B$37, 2, FALSE),"") -> 5 | N59: =IFERROR(__xludf.DUMMYFUNCTION("IFNA(VLOOKUP(IFNA(REGEXEXTRACT(F59, ""(Пасхи|50-ці|посту)""),""""),lists!$A$39:$B$41,2,FALSE),"""")"),"pentecost") -> pentecost | O59: =IFERROR(__xludf.DUMMYFUNCTION("IFNA(REGEXEXTRACT(F59, ""\d{1,2}""),"""")"),"31") -> 31 | P59: =AND(OR(I59="",J59="",L59=""),H59="") -> FALSE
A60: Як. 53 зач.; 2, 14-26. | B60: =LEFT(A60,FIND(".",A60)) -> Як. | C60: ap | D60: =MID(A60,FIND(".",A60)+2,FIND(" ",RIGHT(A60,LEN(A60)-FIND(".",A60)-1))-1) -> 53 | F60: Понеділок 32-го тижня після 50-ці | I60: pentecost | J60: 32 | L60: 1 | M60: =IFNA( VLOOKUP(LEFT(F60, IFERROR(FIND(" ", F60, 1),1) - 1), lists!$A$31:$B$37, 2, FALSE),"") -> 1 | N60: =IFERROR(__xludf.DUMMYFUNCTION("IFNA(VLOOKUP(IFNA(REGEXEXTRACT(F60, ""(Пасхи|50-ці|посту)""),""""),lists!$A$39:$B$41,2,FALSE),"""")"),"pentecost") -> pentecost | O60: =IFERROR(__xludf.DUMMYFUNCTION("IFNA(REGEXEXTRACT(F60, ""\d{1,2}""),"""")"),"32") -> 32 | P60: =AND(OR(I60="",J60="",L60=""),H60="") -> FALSE
A61: Як. 54 зач.; 3, 1-10. | B61: =LEFT(A61,FIND(".",A61)) -> Як. | C61: ap | D61: =MID(A61,FIND(".",A61)+2,FIND(" ",RIGHT(A61,LEN(A61)-FIND(".",A61)-1))-1) -> 54 | F61: Вівторок 32-го тижня після 50-ці | I61: pentecost | J61: 32 | L61: 2 | M61: =IFNA( VLOOKUP(LEFT(F61, IFERROR(FIND(" ", F61, 1),1) - 1), lists!$A$31:$B$37, 2, FALSE),"") -> 2 | N61: =IFERROR(__xludf.DUMMYFUNCTION("IFNA(VLOOKUP(IFNA(REGEXEXTRACT(F61, ""(Пасхи|50-ці|посту)""),""""),lists!$A$39:$B$41,2,FALSE),"""")"),"pentecost") -> pentecost | O61: =IFERROR(__xludf.DUMMYFUNCTION("IFNA(REGEXEXTRACT(F61, ""\d{1,2}""),"""")"),"32") -> 32 | P61: =AND(OR(I61="",J61="",L61=""),H61="") -> FALSE
A62: Як. 55 зач.; 3, 11 – 4, 6. | B62: =LEFT(A62,FIND(".",A62)) -> Як. | C62: ap | D62: =MID(A62,FIND(".",A62)+2,FIND(" ",RIGHT(A62,LEN(A62)-FIND(".",A62)-1))-1) -> 55 | F62: Середа 32-го тижня після 50-ці | I62: pentecost | J62: 32 | L62: 3 | M62: =IFNA( VLOOKUP(LEFT(F62, IFERROR(FIND(" ", F62, 1),1) - 1), lists!$A$31:$B$37, 2, FALSE),"") -> 3 | N62: =IFERROR(__xludf.DUMMYFUNCTION("IFNA(VLOOKUP(IFNA(REGEXEXTRACT(F62, ""(Пасхи|50-ці|посту)""),""""),lists!$A$39:$B$41,2,FALSE),"""")"),"pentecost") -> pentecost | O62: =IFERROR(__xludf.DUMMYFUNCTION("IFNA(REGEXEXTRACT(F62, ""\d{1,2}""),"""")"),"32") -> 32 | P62: =AND(OR(I62="",J62="",L62=""),H62="") -> FALSE
A63: Як. 56 зач.; 4, 7 – 5, 9. | B63: =LEFT(A63,FIND(".",A63)) -> Як. | C63: ap | D63: =MID(A63,FIND(".",A63)+2,FIND(" ",RIGHT(A63,LEN(A63)-FIND(".",A63)-1))-1) -> 56 | F63: Четвер 32-го тижня після 50-ці | I63: pentecost | J63: 32 | L63: 4 | M63: =IFNA( VLOOKUP(LEFT(F63, IFERROR(FIND(" ", F63, 1),1) - 1), lists!$A$31:$B$37, 2, FALSE),"") -> 4 | N63: =IFERROR(__xludf.DUMMYFUNCTION("IFNA(VLOOKUP(IFNA(REGEXEXTRACT(F63, ""(Пасхи|50-ці|посту)""),""""),lists!$A$39:$B$41,2,FALSE),"""")"),"pentecost") -> pentecost | O63: =IFERROR(__xludf.DUMMYFUNCTION("IFNA(REGEXEXTRACT(F63, ""\d{1,2}""),"""")"),"32") -> 32 | P63: =AND(OR(I63="",J63="",L63=""),H63="") -> FALSE
A64: Як. 57 зач.; 5, 10-20. | B64: =LEFT(A64,FIND(".",A64)) -> Як. | C64: ap | D64: =MID(A64,FIND(".",A64)+2,FIND(" ",RIGHT(A64,LEN(A64)-FIND(".",A64)-1))-1) -> 57 | F64: 20-го липня, пророкові Іллі. Цей же й над хворими | H64: * | J64: 20 | M64: =IFNA( VLOOKUP(LEFT(F64, IFERROR(FIND(" ", F64, 1),1) - 1), lists!$A$31:$B$37, 2, FALSE),"") | N64: =IFERROR(__xludf.DUMMYFUNCTION("IFNA(VLOOKUP(IFNA(REGEXEXTRACT(F64, ""(Пасхи|50-ці|посту)""),""""),lists!$A$39:$B$41,2,FALSE),"""")"),"") | O64: =IFERROR(__xludf.DUMMYFUNCTION("IFNA(REGEXEXTRACT(F64, ""\d{1,2}""),"""")"),"20") -> 20 | P64: =AND(OR(I64="",J64="",L64=""),H64="") -> FALSE
A65: 1 Пт. 58 зач.; 1, 1-2; 10-12; 2, 6-10. | B65: =LEFT(A65,FIND(".",A65)) -> 1 Пт. | C65: ap | D65: =MID(A65,FIND(".",A65)+2,FIND(" ",RIGHT(A65,LEN(A65)-FIND(".",A65)-1))-1) -> 58 | E65: a | F65: П'ятниця 32-го тижня після 50-ці | I65: pentecost | J65: 32 | L65: 5 | M65: =IFNA( VLOOKUP(LEFT(F65, IFERROR(FIND(" ", F65, 1),1) - 1), lists!$A$31:$B$37, 2, FALSE),"") -> 5 | N65: =IFERROR(__xludf.DUMMYFUNCTION("IFNA(VLOOKUP(IFNA(REGEXEXTRACT(F65, ""(Пасхи|50-ці|посту)""),""""),lists!$A$39:$B$41,2,FALSE),"""")"),"pentecost") -> pentecost | O65: =IFERROR(__xludf.DUMMYFUNCTION("IFNA(REGEXEXTRACT(F65, ""\d{1,2}""),"""")"),"32") -> 32 | P65: =AND(OR(I65="",J65="",L65=""),H65="") -> FALSE
A66: 1 Пт. 58 зач.; 1, 3-9. | B66: =LEFT(A66,FIND(".",A66)) -> 1 Пт. | C66: ap | D66: =MID(A66,FIND(".",A66)+2,FIND(" ",RIGHT(A66,LEN(A66)-FIND(".",A66)-1))-1) -> 58 | E66: b | F66: Паремія 1-ша в пам'ять святих апостолів Петра й Павла | H66: * | J66: 1 | M66: =IFNA( VLOOKUP(LEFT(F66, IFERROR(FIND(" ", F66, 1),1) - 1), lists!$A$31:$B$37, 2, FALSE),"") | N66: =IFERROR(__xludf.DUMMYFUNCTION("IFNA(VLOOKUP(IFNA(REGEXEXTRACT(F66, ""(Пасхи|50-ці|посту)""),""""),lists!$A$39:$B$41,2,FALSE),"""")"),"") | O66: =IFERROR(__xludf.DUMMYFUNCTION("IFNA(REGEXEXTRACT(F66, ""\d{1,2}""),"""")"),"1") -> 1 | P66: =AND(OR(I66="",J66="",L66=""),H66="") -> FALSE
A67: 1 Пт. 58 зач.; 1, 13-19. | B67: =LEFT(A67,FIND(".",A67)) -> 1 Пт. | C67: ap | D67: =MID(A67,FIND(".",A67)+2,FIND(" ",RIGHT(A67,LEN(A67)-FIND(".",A67)-1))-1) -> 58 | E67: c | F67: Паремія 2-га в пам'ять святих апостолів Петра й Павла | H67: * | J67: 2 | M67: =IFNA( VLOOKUP(LEFT(F67, IFERROR(FIND(" ", F67, 1),1) - 1), lists!$A$31:$B$37, 2, FALSE),"") | N67: =IFERROR(__xludf.DUMMYFUNCTION("IFNA(VLOOKUP(IFNA(REGEXEXTRACT(F67, ""(Пасхи|50-ці|посту)""),""""),lists!$A$39:$B$41,2,FALSE),"""")"),"") | O67: =IFERROR(__xludf.DUMMYFUNCTION("IFNA(REGEXEXTRACT(F67, ""\d{1,2}""),"""")"),"2") -> 2 | P67: =AND(OR(I67="",J67="",L67=""),H67="") -> FALSE
A68: 1 Пт. 58 зач.; 2, 11-24. | B68: =LEFT(A68,FIND(".",A68)) -> 1 Пт. | C68: ap | D68: =MID(A68,FIND(".",A68)+2,FIND(" ",RIGHT(A68,LEN(A68)-FIND(".",A68)-1))-1) -> 58 | E68: d | F68: Паремія 3-тя в пам'ять святих апостолів Петра й Павла | H68: * | J68: 3 | M68: =IFNA( VLOOKUP(LEFT(F68, IFERROR(FIND(" ", F68, 1),1) - 1), lists!$A$31:$B$37, 2, FALSE),"") | N68: =IFERROR(__xludf.DUMMYFUNCTION("IFNA(VLOOKUP(IFNA(REGEXEXTRACT(F68, ""(Пасхи|50-ці|посту)""),""""),lists!$A$39:$B$41,2,FALSE),"""")"),"") | O68: =IFERROR(__xludf.DUMMYFUNCTION("IFNA(REGEXEXTRACT(F68, ""\d{1,2}""),"""")"),"3") -> 3 | P68: =AND(OR(I68="",J68="",L68=""),H68="") -> FALSE
A69: 1 Пт. 59 зач.; 2, 21 – 3, 9. | B69: =LEFT(A69,FIND(".",A69)) -> 1 Пт. | C69: ap | D69: =MID(A69,FIND(".",A69)+2,FIND(" ",RIGHT(A69,LEN(A69)-FIND(".",A69)-1))-1) -> 59 | F69: Понеділок 33-го тижня після 50-ці | I69: pentecost | J69: 33 | K69: 4 | L69: 1 | M69: =IFNA( VLOOKUP(LEFT(F69, IFERROR(FIND(" ", F69, 1),1) - 1), lists!$A$31:$B$37, 2, FALSE),"") -> 1 | N69: =IFERROR(__xludf.DUMMYFUNCTION("IFNA(VLOOKUP(IFNA(REGEXEXTRACT(F69, ""(Пасхи|50-ці|посту)""),""""),lists!$A$39:$B$41,2,FALSE),"""")"),"pentecost") -> pentecost | O69: =IFERROR(__xludf.DUMMYFUNCTION("IFNA(REGEXEXTRACT(F69, ""\d{1,2}""),"""")"),"33") -> 33 | P69: =AND(OR(I69="",J69="",L69=""),H69="") -> FALSE
A70: 1 Пт. 60 зач.; 3, 10-22. | B70: =LEFT(A70,FIND(".",A70)) -> 1 Пт. | C70: ap | D70: =MID(A70,FIND(".",A70)+2,FIND(" ",RIGHT(A70,LEN(A70)-FIND(".",A70)-1))-1) -> 60 | F70: Вівторок 33-го тижня після 50-ці | I70: pentecost | J70: 33 | K70: 4 | L70: 2 | M70: =IFNA( VLOOKUP(LEFT(F70, IFERROR(FIND(" ", F70, 1),1) - 1), lists!$A$31:$B$37, 2, FALSE),"") -> 2 | N70: =IFERROR(__xludf.DUMMYFUNCTION("IFNA(VLOOKUP(IFNA(REGEXEXTRACT(F70, ""(Пасхи|50-ці|посту)""),""""),lists!$A$39:$B$41,2,FALSE),"""")"),"pentecost") -> pentecost | O70: =IFERROR(__xludf.DUMMYFUNCTION("IFNA(REGEXEXTRACT(F70, ""\d{1,2}""),"""")"),"33") -> 33 | P70: =AND(OR(I70="",J70="",L70=""),H70="") -> FALSE
A71: 1 Пт. 61 зач.; 4, 1-11. | B71: =LEFT(A71,FIND(".",A71)) -> 1 Пт. | C71: ap | D71: =MID(A71,FIND(".",A71)+2,FIND(" ",RIGHT(A71,LEN(A71)-FIND(".",A71)-1))-1) -> 61 | F71: Середа 33-го тижня після 50-ці | I71: pentecost | J71: 33 | K71: 4 | L71: 3 | M71: =IFNA( VLOOKUP(LEFT(F71, IFERROR(FIND(" ", F71, 1),1) - 1), lists!$A$31:$B$37, 2, FALSE),"") -> 3 | N71: =IFERROR(__xludf.DUMMYFUNCTION("IFNA(VLOOKUP(IFNA(REGEXEXTRACT(F71, ""(Пасхи|50-ці|посту)""),""""),lists!$A$39:$B$41,2,FALSE),"""")"),"pentecost") -> pentecost | O71: =IFERROR(__xludf.DUMMYFUNCTION("IFNA(REGEXEXTRACT(F71, ""\d{1,2}""),"""")"),"33") -> 33 | P71: =AND(OR(I71="",J71="",L71=""),H71="") -> FALSE
A72: 1 Пт. 62 зач.; 4, 12 – 5, 5. | B72: =LEFT(A72,FIND(".",A72)) -> 1 Пт. | C72: ap | D72: =MID(A72,FIND(".",A72)+2,FIND(" ",RIGHT(A72,LEN(A72)-FIND(".",A72)-1))-1) -> 62 | F72: Четвер 33-го тижня після 50-ці | I72: pentecost | J72: 33 | K72: 4 | L72: 4 | M72: =IFNA( VLOOKUP(LEFT(F72, IFERROR(FIND(" ", F72, 1),1) - 1), lists!$A$31:$B$37, 2, FALSE),"") -> 4 | N72: =IFERROR(__xludf.DUMMYFUNCTION("IFNA(VLOOKUP(IFNA(REGEXEXTRACT(F72, ""(Пасхи|50-ці|посту)""),""""),lists!$A$39:$B$41,2,FALSE),"""")"),"pentecost") -> pentecost | O72: =IFERROR(__xludf.DUMMYFUNCTION("IFNA(REGEXEXTRACT(F72, ""\d{1,2}""),"""")"),"33") -> 33 | P72: =AND(OR(I72="",J72="",L72=""),H72="") -> FALSE
A73: 1 Пт. 63 зач.; 5, 6-14. | B73: =LEFT(A73,FIND(".",A73)) -> 1 Пт. | C73: ap | D73: =MID(A73,FIND(".",A73)+2,FIND(" ",RIGHT(A73,LEN(A73)-FIND(".",A73)-1))-1) -> 63 | F73: Євангелистові Маркові | H73: * | M73: =IFNA( VLOOKUP(LEFT(F73, IFERROR(FIND(" ", F73, 1),1) - 1), lists!$A$31:$B$37, 2, FALSE),"") | N73: =IFERROR(__xludf.DUMMYFUNCTION("IFNA(VLOOKUP(IFNA(REGEXEXTRACT(F73, ""(Пасхи|50-ці|посту)""),""""),lists!$A$39:$B$41,2,FALSE),"""")"),"") | O73: =IFERROR(__xludf.DUMMYFUNCTION("IFNA(REGEXEXTRACT(F73, ""\d{1,2}""),"""")"),"") | P73: =AND(OR(I73="",J73="",L73=""),H73="") -> FALSE
A74: 2 Пт. 64 зач.; 1, 1-10. | B74: =LEFT(A74,FIND(".",A74)) -> 2 Пт. | C74: ap | D74: =MID(A74,FIND(".",A74)+2,FIND(" ",RIGHT(A74,LEN(A74)-FIND(".",A74)-1))-1) -> 64 | F74: П'ятниця 33-го тижня після 50-ці | I74: pentecost | J74: 33 | K74: 4 | L74: 5 | M74: =IFNA( VLOOKUP(LEFT(F74, IFERROR(FIND(" ", F74, 1),1) - 1), lists!$A$31:$B$37, 2, FALSE),"") -> 5 | N74: =IFERROR(__xludf.DUMMYFUNCTION("IFNA(VLOOKUP(IFNA(REGEXEXTRACT(F74, ""(Пасхи|50-ці|посту)""),""""),lists!$A$39:$B$41,2,FALSE),"""")"),"pentecost") -> pentecost | O74: =IFERROR(__xludf.DUMMYFUNCTION("IFNA(REGEXEXTRACT(F74, ""\d{1,2}""),"""")"),"33") -> 33 | P74: =AND(OR(I74="",J74="",L74=""),H74="") -> FALSE
A75: 2 Пт. 65 зач.; 1, 10-19. | B75: =LEFT(A75,FIND(".",A75)) -> 2 Пт. | C75: ap | D75: =MID(A75,FIND(".",A75)+2,FIND(" ",RIGHT(A75,LEN(A75)-FIND(".",A75)-1))-1) -> 65 | F75: На Преображення Господнє | H75: * | M75: =IFNA( VLOOKUP(LEFT(F75, IFERROR(FIND(" ", F75, 1),1) - 1), lists!$A$31:$B$37, 2, FALSE),"") | N75: =IFERROR(__xludf.DUMMYFUNCTION("IFNA(VLOOKUP(IFNA(REGEXEXTRACT(F75, ""(Пасхи|50-ці|посту)""),""""),lists!$A$39:$B$41,2,FALSE),"""")"),"") | O75: =IFERROR(__xludf.DUMMYFUNCTION("IFNA(REGEXEXTRACT(F75, ""\d{1,2}""),"""")"),"") | P75: =AND(OR(I75="",J75="",L75=""),H75="") -> FALSE
A76: 2 Пт. 66 зач.; 1, 20 – 2, 9. | B76: =LEFT(A76,FIND(".",A76)) -> 2 Пт. | C76: ap | D76: =MID(A76,FIND(".",A76)+2,FIND(" ",RIGHT(A76,LEN(A76)-FIND(".",A76)-1))-1) -> 66 | F76: Понеділок 34-го тижня після 50-ці | I76: pentecost | J76: 34 | K76: 3 | L76: 1 | M76: =IFNA( VLOOKUP(LEFT(F76, IFERROR(FIND(" ", F76, 1),1) - 1), lists!$A$31:$B$37, 2, FALSE),"") -> 1 | N76: =IFERROR(__xludf.DUMMYFUNCTION("IFNA(VLOOKUP(IFNA(REGEXEXTRACT(F76, ""(Пасхи|50-ці|посту)""),""""),lists!$A$39:$B$41,2,FALSE),"""")"),"pentecost") -> pentecost | O76: =IFERROR(__xludf.DUMMYFUNCTION("IFNA(REGEXEXTRACT(F76, ""\d{1,2}""),"""")"),"34") -> 34 | P76: =AND(OR(I76="",J76="",L76=""),H76="") -> FALSE
A77: 2 Пт. 67 зач.; 2, 9-22. | B77: =LEFT(A77,FIND(".",A77)) -> 2 Пт. | C77: ap | D77: =MID(A77,FIND(".",A77)+2,FIND(" ",RIGHT(A77,LEN(A77)-FIND(".",A77)-1))-1) -> 67 | F77: Вівторок 34-го тижня після 50-ці | I77: pentecost | J77: 34 | K77: 3 | L77: 2 | M77: =IFNA( VLOOKUP(LEFT(F77, IFERROR(FIND(" ", F77, 1),1) - 1), lists!$A$31:$B$37, 2, FALSE),"") -> 2 | N77: =IFERROR(__xludf.DUMMYFUNCTION("IFNA(VLOOKUP(IFNA(REGEXEXTRACT(F77, ""(Пасхи|50-ці|посту)""),""""),lists!$A$39:$B$41,2,FALSE),"""")"),"pentecost") -> pentecost | O77: =IFERROR(__xludf.DUMMYFUNCTION("IFNA(REGEXEXTRACT(F77, ""\d{1,2}""),"""")"),"34") -> 34 | P77: =AND(OR(I77="",J77="",L77=""),H77="") -> FALSE
A78: 2 Пт. 68 зач.; 3, 1-18. | B78: =LEFT(A78,FIND(".",A78)) -> 2 Пт. | C78: ap | D78: =MID(A78,FIND(".",A78)+2,FIND(" ",RIGHT(A78,LEN(A78)-FIND(".",A78)-1))-1) -> 68 | E78: a | F78: Середа 34-го тижня після 50-ці | I78: pentecost | J78: 34 | K78: 3 | L78: 3 | M78: =IFNA( VLOOKUP(LEFT(F78, IFERROR(FIND(" ", F78, 1),1) - 1), lists!$A$31:$B$37, 2, FALSE),"") -> 3 | N78: =IFERROR(__xludf.DUMMYFUNCTION("IFNA(VLOOKUP(IFNA(REGEXEXTRACT(F78, ""(Пасхи|50-ці|посту)""),""""),lists!$A$39:$B$41,2,FALSE),"""")"),"pentecost") -> pentecost | O78: =IFERROR(__xludf.DUMMYFUNCTION("IFNA(REGEXEXTRACT(F78, ""\d{1,2}""),"""")"),"34") -> 34 | P78: =AND(OR(I78="",J78="",L78=""),H78="") -> FALSE
A79: 1 Йо. 68 зач.; 1, 1-7. | B79: =LEFT(A79,FIND(".",A79)) -> 1 Йо. | C79: ap | D79: =MID(A79,FIND(".",A79)+2,FIND(" ",RIGHT(A79,LEN(A79)-FIND(".",A79)-1))-1) -> 68 | E79: b | F79: 8-го травня, св. Івана Богослова | H79: * | J79: 8 | M79: =IFNA( VLOOKUP(LEFT(F79, IFERROR(FIND(" ", F79, 1),1) - 1), lists!$A$31:$B$37, 2, FALSE),"") | N79: =IFERROR(__xludf.DUMMYFUNCTION("IFNA(VLOOKUP(IFNA(REGEXEXTRACT(F79, ""(Пасхи|50-ці|посту)""),""""),lists!$A$39:$B$41,2,FALSE),"""")"),"") | O79: =IFERROR(__xludf.DUMMYFUNCTION("IFNA(REGEXEXTRACT(F79, ""\d{1,2}""),"""")"),"8") -> 8 | P79: =AND(OR(I79="",J79="",L79=""),H79="") -> FALSE
A80: 1 Йо. 69 зач.; 1, 8 – 2, 6. | B80: =LEFT(A80,FIND(".",A80)) -> 1 Йо. | C80: ap | D80: =MID(A80,FIND(".",A80)+2,FIND(" ",RIGHT(A80,LEN(A80)-FIND(".",A80)-1))-1) -> 69 | F80: Четвер 34-го тижня після 50-ці | I80: pentecost | J80: 34 | K80: 3 | L80: 4 | M80: =IFNA( VLOOKUP(LEFT(F80, IFERROR(FIND(" ", F80, 1),1) - 1), lists!$A$31:$B$37, 2, FALSE),"") -> 4 | N80: =IFERROR(__xludf.DUMMYFUNCTION("IFNA(VLOOKUP(IFNA(REGEXEXTRACT(F80, ""(Пасхи|50-ці|посту)""),""""),lists!$A$39:$B$41,2,FALSE),"""")"),"pentecost") -> pentecost | O80: =IFERROR(__xludf.DUMMYFUNCTION("IFNA(REGEXEXTRACT(F80, ""\d{1,2}""),"""")"),"34") -> 34 | P80: =AND(OR(I80="",J80="",L80=""),H80="") -> FALSE
A81: 1 Йо. 70 зач.; 2, 7-17. | B81: =LEFT(A81,FIND(".",A81)) -> 1 Йо. | C81: ap | D81: =MID(A81,FIND(".",A81)+2,FIND(" ",RIGHT(A81,LEN(A81)-FIND(".",A81)-1))-1) -> 70 | F81: П'ятниця 34-го тижня після 50-ці | I81: pentecost | J81: 34 | K81: 3 | L81: 5 | M81: =IFNA( VLOOKUP(LEFT(F81, IFERROR(FIND(" ", F81, 1),1) - 1), lists!$A$31:$B$37, 2, FALSE),"") -> 5 | N81: =IFERROR(__xludf.DUMMYFUNCTION("IFNA(VLOOKUP(IFNA(REGEXEXTRACT(F81, ""(Пасхи|50-ці|посту)""),""""),lists!$A$39:$B$41,2,FALSE),"""")"),"pentecost") -> pentecost | O81: =IFERROR(__xludf.DUMMYFUNCTION("IFNA(REGEXEXTRACT(F81, ""\d{1,2}""),"""")"),"34") -> 34 | P81: =AND(OR(I81="",J81="",L81=""),H81="") -> FALSE
A82: 1 Йо. 71 зач.; 2, 18 – 3, 10. | B82: =LEFT(A82,FIND(".",A82)) -> 1 Йо. | C82: ap | D82: =MID(A82,FIND(".",A82)+2,FIND(" ",RIGHT(A82,LEN(A82)-FIND(".",A82)-1))-1) -> 71 | F82: Понеділок 35-го тижня після 50-ці | I82: pentecost | J82: 35 | K82: 2 | L82: 1 | M82: =IFNA( VLOOKUP(LEFT(F82, IFERROR(FIND(" ", F82, 1),1) - 1), lists!$A$31:$B$37, 2, FALSE),"") -> 1 | N82: =IFERROR(__xludf.DUMMYFUNCTION("IFNA(VLOOKUP(IFNA(REGEXEXTRACT(F82, ""(Пасхи|50-ці|посту)""),""""),lists!$A$39:$B$41,2,FALSE),"""")"),"pentecost") -> pentecost | O82: =IFERROR(__xludf.DUMMYFUNCTION("IFNA(REGEXEXTRACT(F82, ""\d{1,2}""),"""")"),"35") -> 35 | P82: =AND(OR(I82="",J82="",L82=""),H82="") -> FALSE
A83: 1 Йо. 72 зач.; 3, 10-20. | B83: =LEFT(A83,FIND(".",A83)) -> 1 Йо. | C83: ap | D83: =MID(A83,FIND(".",A83)+2,FIND(" ",RIGHT(A83,LEN(A83)-FIND(".",A83)-1))-1) -> 72 | F83: Вівторок 35-го тижня після 50-ці | I83: pentecost | J83: 35 | K83: 2 | L83: 2 | M83: =IFNA( VLOOKUP(LEFT(F83, IFERROR(FIND(" ", F83, 1),1) - 1), lists!$A$31:$B$37, 2, FALSE),"") -> 2 | N83: =IFERROR(__xludf.DUMMYFUNCTION("IFNA(VLOOKUP(IFNA(REGEXEXTRACT(F83, ""(Пасхи|50-ці|посту)""),""""),lists!$A$39:$B$41,2,FALSE),"""")"),"pentecost") -> pentecost | O83: =IFERROR(__xludf.DUMMYFUNCTION("IFNA(REGEXEXTRACT(F83, ""\d{1,2}""),"""")"),"35") -> 35 | P83: =AND(OR(I83="",J83="",L83=""),H83="") -> FALSE
A84: 1 Йо. 73 зач.; 4, 12-19. | B84: =LEFT(A84,FIND(".",A84)) -> 1 Йо. | C84: ap | D84: =MID(A84,FIND(".",A84)+2,FIND(" ",RIGHT(A84,LEN(A84)-FIND(".",A84)-1))-1) -> 73 | E84: a | F84: 26-го вересня, переставлення Апостола Івана Богослова | H84: * | J84: 26 | M84: =IFNA( VLOOKUP(LEFT(F84, IFERROR(FIND(" ", F84, 1),1) - 1), lists!$A$31:$B$37, 2, FALSE),"") | N84: =IFERROR(__xludf.DUMMYFUNCTION("IFNA(VLOOKUP(IFNA(REGEXEXTRACT(F84, ""(Пасхи|50-ці|посту)""),""""),lists!$A$39:$B$41,2,FALSE),"""")"),"") | O84: =IFERROR(__xludf.DUMMYFUNCTION("IFNA(REGEXEXTRACT(F84, ""\d{1,2}""),"""")"),"26") -> 26 | P84: =AND(OR(I84="",J84="",L84=""),H84="") -> FALSE
A85: 1 Йо. 73 зач.; 3, 21 – 4, 6. | B85: =LEFT(A85,FIND(".",A85)) -> 1 Йо. | C85: ap | D85: =MID(A85,FIND(".",A85)+2,FIND(" ",RIGHT(A85,LEN(A85)-FIND(".",A85)-1))-1) -> 73 | E85: b | F85: Середа 35-го тижня після 50-ці. Цей і на вечірні Богословові, перша паремія | I85: pentecost | J85: 35 | K85: 2 | L85: 3 | M85: =IFNA( VLOOKUP(LEFT(F85, IFERROR(FIND(" ", F85, 1),1) - 1), lists!$A$31:$B$37, 2, FALSE),"") -> 3 | N85: =IFERROR(__xludf.DUMMYFUNCTION("IFNA(VLOOKUP(IFNA(REGEXEXTRACT(F85, ""(Пасхи|50-ці|посту)""),""""),lists!$A$39:$B$41,2,FALSE),"""")"),"pentecost") -> pentecost | O85: =IFERROR(__xludf.DUMMYFUNCTION("IFNA(REGEXEXTRACT(F85, ""\d{1,2}""),"""")"),"35") -> 35 | P85: =AND(OR(I85="",J85="",L85=""),H85="") -> FALSE
A86: 1 Йо. 73 зач.; 4, 11-16. | B86: =LEFT(A86,FIND(".",A86)) -> 1 Йо. | C86: ap | D86: =MID(A86,FIND(".",A86)+2,FIND(" ",RIGHT(A86,LEN(A86)-FIND(".",A86)-1))-1) -> 73 | E86: c | F86: Друга паремія | H86: * | M86: =IFNA( VLOOKUP(LEFT(F86, IFERROR(FIND(" ", F86, 1),1) - 1), lists!$A$31:$B$37, 2, FALSE),"") | N86: =IFERROR(__xludf.DUMMYFUNCTION("IFNA(VLOOKUP(IFNA(REGEXEXTRACT(F86, ""(Пасхи|50-ці|посту)""),""""),lists!$A$39:$B$41,2,FALSE),"""")"),"") | O86: =IFERROR(__xludf.DUMMYFUNCTION("IFNA(REGEXEXTRACT(F86, ""\d{1,2}""),"""")"),"") | P86: =AND(OR(I86="",J86="",L86=""),H86="") -> FALSE
A87: 1 Йо. 74 зач.; 4, 20 – 5, 21. | B87: =LEFT(A87,FIND(".",A87)) -> 1 Йо. | C87: ap | D87: =MID(A87,FIND(".",A87)+2,FIND(" ",RIGHT(A87,LEN(A87)-FIND(".",A87)-1))-1) -> 74 | F87: Четвер 35-го тижня після 50-ці. Цей і третя паремія | I87: pentecost | J87: 35 | K87: 2 | L87: 4 | M87: =IFNA( VLOOKUP(LEFT(F87, IFERROR(FIND(" ", F87, 1),1) - 1), lists!$A$31:$B$37, 2, FALSE),"") -> 4 | N87: =IFERROR(__xludf.DUMMYFUNCTION("IFNA(VLOOKUP(IFNA(REGEXEXTRACT(F87, ""(Пасхи|50-ці|посту)""),""""),lists!$A$39:$B$41,2,FALSE),"""")"),"pentecost") -> pentecost | O87: =IFERROR(__xludf.DUMMYFUNCTION("IFNA(REGEXEXTRACT(F87, ""\d{1,2}""),"""")"),"35") -> 35 | P87: =AND(OR(I87="",J87="",L87=""),H87="") -> FALSE
A88: 2 Йо. 75 зач.; 1, 1-13. | B88: =LEFT(A88,FIND(".",A88)) -> 2 Йо. | C88: ap | D88: =MID(A88,FIND(".",A88)+2,FIND(" ",RIGHT(A88,LEN(A88)-FIND(".",A88)-1))-1) -> 75 | F88: П'ятниця 35-го тижня після 50-ці | I88: pentecost | J88: 35 | K88: 2 | L88: 5 | M88: =IFNA( VLOOKUP(LEFT(F88, IFERROR(FIND(" ", F88, 1),1) - 1), lists!$A$31:$B$37, 2, FALSE),"") -> 5 | N88: =IFERROR(__xludf.DUMMYFUNCTION("IFNA(VLOOKUP(IFNA(REGEXEXTRACT(F88, ""(Пасхи|50-ці|посту)""),""""),lists!$A$39:$B$41,2,FALSE),"""")"),"pentecost") -> pentecost | O88: =IFERROR(__xludf.DUMMYFUNCTION("IFNA(REGEXEXTRACT(F88, ""\d{1,2}""),"""")"),"35") -> 35 | P88: =AND(OR(I88="",J88="",L88=""),H88="") -> FALSE
A89: 3 Йо. 76 зач.; 1, 1-15. | B89: =LEFT(A89,FIND(".",A89)) -> 3 Йо. | C89: ap | D89: =MID(A89,FIND(".",A89)+2,FIND(" ",RIGHT(A89,LEN(A89)-FIND(".",A89)-1))-1) -> 76 | F89: Понеділок сирний | I89: pentecost | J89: 36 | K89: 1 | L89: 1 | M89: =IFNA( VLOOKUP(LEFT(F89, IFERROR(FIND(" ", F89, 1),1) - 1), lists!$A$31:$B$37, 2, FALSE),"") -> 1 | N89: =IFERROR(__xludf.DUMMYFUNCTION("IFNA(VLOOKUP(IFNA(REGEXEXTRACT(F89, ""(Пасхи|50-ці|посту)""),""""),lists!$A$39:$B$41,2,FALSE),"""")"),"") | O89: =IFERROR(__xludf.DUMMYFUNCTION("IFNA(REGEXEXTRACT(F89, ""\d{1,2}""),"""")"),"") | P89: =AND(OR(I89="",J89="",L89=""),H89="") -> FALSE
A90: 1 Ів. 68 зач.; 1, 1-7. | B90: =LEFT(A90,FIND(".",A90)) -> 1 Ів. | C90: ap | D90: =MID(A90,FIND(".",A90)+2,FIND(" ",RIGHT(A90,LEN(A90)-FIND(".",A90)-1))-1) -> 68 | E90: b | F90: 8-го травня, св. Івана Богослова | H90: * | J90: 8 | M90: =IFNA( VLOOKUP(LEFT(F90, IFERROR(FIND(" ", F90, 1),1) - 1), lists!$A$31:$B$37, 2, FALSE),"") | N90: =IFERROR(__xludf.DUMMYFUNCTION("IFNA(VLOOKUP(IFNA(REGEXEXTRACT(F90, ""(Пасхи|50-ці|посту)""),""""),lists!$A$39:$B$41,2,FALSE),"""")"),"") | O90: =IFERROR(__xludf.DUMMYFUNCTION("IFNA(REGEXEXTRACT(F90, ""\d{1,2}""),"""")"),"8") -> 8 | P90: =AND(OR(I90="",J90="",L90=""),H90="") -> FALSE
A91: 1 Ів. 69 зач.; 1, 8 – 2, 6. | B91: =LEFT(A91,FIND(".",A91)) -> 1 Ів. | C91: ap | D91: =MID(A91,FIND(".",A91)+2,FIND(" ",RIGHT(A91,LEN(A91)-FIND(".",A91)-1))-1) -> 69 | F91: Четвер 34-го тижня після 50-ці | I91: pentecost | J91: 34 | K91: 3 | L91: 4 | M91: =IFNA( VLOOKUP(LEFT(F91, IFERROR(FIND(" ", F91, 1),1) - 1), lists!$A$31:$B$37, 2, FALSE),"") -> 4 | N91: =IFERROR(__xludf.DUMMYFUNCTION("IFNA(VLOOKUP(IFNA(REGEXEXTRACT(F91, ""(Пасхи|50-ці|посту)""),""""),lists!$A$39:$B$41,2,FALSE),"""")"),"pentecost") -> pentecost | O91: =IFERROR(__xludf.DUMMYFUNCTION("IFNA(REGEXEXTRACT(F91, ""\d{1,2}""),"""")"),"34") -> 34 | P91: =AND(OR(I91="",J91="",L91=""),H91="") -> FALSE
A92: 1 Ів. 70 зач.; 2, 7-17. | B92: =LEFT(A92,FIND(".",A92)) -> 1 Ів. | C92: ap | D92: =MID(A92,FIND(".",A92)+2,FIND(" ",RIGHT(A92,LEN(A92)-FIND(".",A92)-1))-1) -> 70 | F92: П'ятниця 34-го тижня після 50-ці | I92: pentecost | J92: 34 | K92: 3 | L92: 5 | M92: =IFNA( VLOOKUP(LEFT(F92, IFERROR(FIND(" ", F92, 1),1) - 1), lists!$A$31:$B$37, 2, FALSE),"") -> 5 | N92: =IFERROR(__xludf.DUMMYFUNCTION("IFNA(VLOOKUP(IFNA(REGEXEXTRACT(F92, ""(Пасхи|50-ці|посту)""),""""),lists!$A$39:$B$41,2,FALSE),"""")"),"pentecost") -> pentecost | O92: =IFERROR(__xludf.DUMMYFUNCTION("IFNA(REGEXEXTRACT(F92, ""\d{1,2}""),"""")"),"34") -> 34 | P92: =AND(OR(I92="",J92="",L92=""),H92="") -> FALSE
A93: 1 Ів. 71 зач.; 2, 18 – 3, 10. | B93: =LEFT(A93,FIND(".",A93)) -> 1 Ів. | C93: ap | D93: =MID(A93,FIND(".",A93)+2,FIND(" ",RIGHT(A93,LEN(A93)-FIND(".",A93)-1))-1) -> 71 | F93: Понеділок 35-го тижня після 50-ці | I93: pentecost | J93: 35 | K93: 2 | L93: 1 | M93: =IFNA( VLOOKUP(LEFT(F93, IFERROR(FIND(" ", F93, 1),1) - 1), lists!$A$31:$B$37, 2, FALSE),"") -> 1 | N93: =IFERROR(__xludf.DUMMYFUNCTION("IFNA(VLOOKUP(IFNA(REGEXEXTRACT(F93, ""(Пасхи|50-ці|посту)""),""""),lists!$A$39:$B$41,2,FALSE),"""")"),"pentecost") -> pentecost | O93: =IFERROR(__xludf.DUMMYFUNCTION("IFNA(REGEXEXTRACT(F93, ""\d{1,2}""),"""")"),"35") -> 35 | P93: =AND(OR(I93="",J93="",L93=""),H93="") -> FALSE
A94: 1 Ів. 72 зач.; 3, 10-20. | B94: =LEFT(A94,FIND(".",A94)) -> 1 Ів. | C94: ap | D94: =MID(A94,FIND(".",A94)+2,FIND(" ",RIGHT(A94,LEN(A94)-FIND(".",A94)-1))-1) -> 72 | F94: Вівторок 35-го тижня після 50-ці | I94: pentecost | J94: 35 | K94: 2 | L94: 2 | M94: =IFNA( VLOOKUP(LEFT(F94, IFERROR(FIND(" ", F94, 1),1) - 1), lists!$A$31:$B$37, 2, FALSE),"") -> 2 | N94: =IFERROR(__xludf.DUMMYFUNCTION("IFNA(VLOOKUP(IFNA(REGEXEXTRACT(F94, ""(Пасхи|50-ці|посту)""),""""),lists!$A$39:$B$41,2,FALSE),"""")"),"pentecost") -> pentecost | O94: =IFERROR(__xludf.DUMMYFUNCTION("IFNA(REGEXEXTRACT(F94, ""\d{1,2}""),"""")"),"35") -> 35 | P94: =AND(OR(I94="",J94="",L94=""),H94="") -> FALSE
A95: 1 Ів. 73 зач.; 4, 12-19. | B95: =LEFT(A95,FIND(".",A95)) -> 1 Ів. | C95: ap | D95: =MID(A95,FIND(".",A95)+2,FIND(" ",RIGHT(A95,LEN(A95)-FIND(".",A95)-1))-1) -> 73 | E95: a | F95: 26-го вересня, переставлення Апостола Івана Богослова | H95: * | J95: 26 | M95: =IFNA( VLOOKUP(LEFT(F95, IFERROR(FIND(" ", F95, 1),1) - 1), lists!$A$31:$B$37, 2, FALSE),"") | N95: =IFERROR(__xludf.DUMMYFUNCTION("IFNA(VLOOKUP(IFNA(REGEXEXTRACT(F95, ""(Пасхи|50-ці|посту)""),""""),lists!$A$39:$B$41,2,FALSE),"""")"),"") | O95: =IFERROR(__xludf.DUMMYFUNCTION("IFNA(REGEXEXTRACT(F95, ""\d{1,2}""),"""")"),"26") -> 26 | P95: =AND(OR(I95="",J95="",L95=""),H95="") -> FALSE
A96: 1 Ів. 73 зач.; 3, 21 – 4, 6. | B96: =LEFT(A96,FIND(".",A96)) -> 1 Ів. | C96: ap | D96: =MID(A96,FIND(".",A96)+2,FIND(" ",RIGHT(A96,LEN(A96)-FIND(".",A96)-1))-1) -> 73 | E96: b | F96: Середа 35-го тижня після 50-ці. Цей і на вечірні Богословові, перша паремія | I96: pentecost | J96: 35 | K96: 2 | L96: 3 | M96: =IFNA( VLOOKUP(LEFT(F96, IFERROR(FIND(" ", F96, 1),1) - 1), lists!$A$31:$B$37, 2, FALSE),"") -> 3 | N96: =IFERROR(__xludf.DUMMYFUNCTION("IFNA(VLOOKUP(IFNA(REGEXEXTRACT(F96, ""(Пасхи|50-ці|посту)""),""""),lists!$A$39:$B$41,2,FALSE),"""")"),"pentecost") -> pentecost | O96: =IFERROR(__xludf.DUMMYFUNCTION("IFNA(REGEXEXTRACT(F96, ""\d{1,2}""),"""")"),"35") -> 35 | P96: =AND(OR(I96="",J96="",L96=""),H96="") -> FALSE
A97: 1 Ів. 73 зач.; 4, 11-16. | B97: =LEFT(A97,FIND(".",A97)) -> 1 Ів. | C97: ap | D97: =MID(A97,FIND(".",A97)+2,FIND(" ",RIGHT(A97,LEN(A97)-FIND(".",A97)-1))-1) -> 73 | E97: c | F97: Друга паремія | H97: * | M97: =IFNA( VLOOKUP(LEFT(F97, IFERROR(FIND(" ", F97, 1),1) - 1), lists!$A$31:$B$37, 2, FALSE),"") | N97: =IFERROR(__xludf.DUMMYFUNCTION("IFNA(VLOOKUP(IFNA(REGEXEXTRACT(F97, ""(Пасхи|50-ці|посту)""),""""),lists!$A$39:$B$41,2,FALSE),"""")"),"") | O97: =IFERROR(__xludf.DUMMYFUNCTION("IFNA(REGEXEXTRACT(F97, ""\d{1,2}""),"""")"),"") | P97: =AND(OR(I97="",J97="",L97=""),H97="") -> FALSE
A98: 1 Ів. 74 зач.; 4, 20 – 5, 21. | B98: =LEFT(A98,FIND(".",A98)) -> 1 Ів. | C98: ap | D98: =MID(A98,FIND(".",A98)+2,FIND(" ",RIGHT(A98,LEN(A98)-FIND(".",A98)-1))-1) -> 74 | F98: Четвер 35-го тижня після 50-ці. Цей і третя паремія | I98: pentecost | J98: 35 | K98: 2 | L98: 4 | M98: =IFNA( VLOOKUP(LEFT(F98, IFERROR(FIND(" ", F98, 1),1) - 1), lists!$A$31:$B$37, 2, FALSE),"") -> 4 | N98: =IFERROR(__xludf.DUMMYFUNCTION("IFNA(VLOOKUP(IFNA(REGEXEXTRACT(F98, ""(Пасхи|50-ці|посту)""),""""),lists!$A$39:$B$41,2,FALSE),"""")"),"pentecost") -> pentecost | O98: =IFERROR(__xludf.DUMMYFUNCTION("IFNA(REGEXEXTRACT(F98, ""\d{1,2}""),"""")"),"35") -> 35 | P98: =AND(OR(I98="",J98="",L98=""),H98="") -> FALSE
A99: 2 Ів. 75 зач.; 1, 1-13. | B99: =LEFT(A99,FIND(".",A99)) -> 2 Ів. | C99: ap | D99: =MID(A99,FIND(".",A99)+2,FIND(" ",RIGHT(A99,LEN(A99)-FIND(".",A99)-1))-1) -> 75 | F99: П'ятниця 35-го тижня після 50-ці | I99: pentecost | J99: 35 | K99: 2 | L99: 5 | M99: =IFNA( VLOOKUP(LEFT(F99, IFERROR(FIND(" ", F99, 1),1) - 1), lists!$A$31:$B$37, 2, FALSE),"") -> 5 | N99: =IFERROR(__xludf.DUMMYFUNCTION("IFNA(VLOOKUP(IFNA(REGEXEXTRACT(F99, ""(Пасхи|50-ці|посту)""),""""),lists!$A$39:$B$41,2,FALSE),"""")"),"pentecost") -> pentecost | O99: =IFERROR(__xludf.DUMMYFUNCTION("IFNA(REGEXEXTRACT(F99, ""\d{1,2}""),"""")"),"35") -> 35 | P99: =AND(OR(I99="",J99="",L99=""),H99="") -> FALSE
A100: 3 Ів. 76 зач.; 1, 1-15. | B100: =LEFT(A100,FIND(".",A100)) -> 3 Ів. | C100: ap | D100: =MID(A100,FIND(".",A100)+2,FIND(" ",RIGHT(A100,LEN(A100)-FIND(".",A100)-1))-1) -> 76 | F100: Понеділок сирний | I100: pentecost | J100: 36 | K100: 1 | L100: 1 | M100: =IFNA( VLOOKUP(LEFT(F100, IFERROR(FIND(" ", F100, 1),1) - 1), lists!$A$31:$B$37, 2, FALSE),"") -> 1 | N100: =IFERROR(__xludf.DUMMYFUNCTION("IFNA(VLOOKUP(IFNA(REGEXEXTRACT(F100, ""(Пасхи|50-ці|посту)""),""""),lists!$A$39:$B$41,2,FALSE),"""")"),"") | O100: =IFERROR(__xludf.DUMMYFUNCTION("IFNA(REGEXEXTRACT(F100, ""\d{1,2}""),"""")"),"") | P100: =AND(OR(I100="",J100="",L100=""),H100="") -> FALSE
...

Sheet apostol_triodion
A1: Читання | B1: Книга | C1: # зач. | D1: abc | E1: Присвята | F1: Примітка | G1: Дата (мінея) | H1: Період | I1: Тиждень від | J1: Тиждень до ВП | K1: День тижня | L1: empty?
A2: Євр. 303 зач.; 1, 1-12. | B2: =LEFT(A2,FIND(".",A2)) -> Євр. | C2: =MID(A2,FIND(".",A2)+2,FIND(" ",RIGHT(A2,LEN(A2)-FIND(".",A2)-1))-1) -> 303 | E2: Перша субота посту. Цей і в навечір'я Різдва Христового | H2: lent | I2: 1 | K2: 6 | L2: =AND(OR(H2="",I2="",K2=""),G2="") -> FALSE
A3: Євр. 329 зач.; 11, 24-26; 32 – 12, 2. | B3: =LEFT(A3,FIND(".",A3)) -> Євр. | C3: =MID(A3,FIND(".",A3)+2,FIND(" ",RIGHT(A3,LEN(A3)-FIND(".",A3)-1))-1) -> 329 | D3: b | E3: Перша неділя посту, православія | H3: lent | I3: 1 | K3: 7 | L3: =AND(OR(H3="",I3="",K3=""),G3="") -> FALSE
A4: Євр. 309 зач.; 3, 12-16. | B4: =LEFT(A4,FIND(".",A4)) -> Євр. | C4: =MID(A4,FIND(".",A4)+2,FIND(" ",RIGHT(A4,LEN(A4)-FIND(".",A4)-1))-1) -> 309 | E4: Друга субота посту | H4: lent | I4: 2 | K4: 6 | L4: =AND(OR(H4="",I4="",K4=""),G4="") -> FALSE
A5: Євр. 304 зач.; 1, 10 – 2, 3. | B5: =LEFT(A5,FIND(".",A5)) -> Євр. | C5: =MID(A5,FIND(".",A5)+2,FIND(" ",RIGHT(A5,LEN(A5)-FIND(".",A5)-1))-1) -> 304 | E5: Друга неділя посту | H5: lent | I5: 2 | K5: 7 | L5: =AND(OR(H5="",I5="",K5=""),G5="") -> FALSE
A6: Євр. 325 зач.; 10, 32-38. | B6: =LEFT(A6,FIND(".",A6)) -> Євр. | C6: =MID(A6,FIND(".",A6)+2,FIND(" ",RIGHT(A6,LEN(A6)-FIND(".",A6)-1))-1) -> 325 | E6: Третя субота посту | H6: lent | I6: 3 | K6: 6 | L6: =AND(OR(H6="",I6="",K6=""),G6="") -> FALSE
A7: Євр. 311 зач.; 4, 14 – 5, 6. | B7: =LEFT(A7,FIND(".",A7)) -> Євр. | C7: =MID(A7,FIND(".",A7)+2,FIND(" ",RIGHT(A7,LEN(A7)-FIND(".",A7)-1))-1) -> 311 | D7: a | E7: Третя неділя посту | H7: lent | I7: 3 | K7: 7 | L7: =AND(OR(H7="",I7="",K7=""),G7="") -> FALSE
A8: Євр. 313 зач.; 6, 9-12. | B8: =LEFT(A8,FIND(".",A8)) -> Євр. | C8: =MID(A8,FIND(".",A8)+2,FIND(" ",RIGHT(A8,LEN(A8)-FIND(".",A8)-1))-1) -> 313 | E8: Четверта субота посту | H8: lent | I8: 4 | K8: 6 | L8: =AND(OR(H8="",I8="",K8=""),G8="") -> FALSE
A9: Євр. 314 зач.; 6, 13-20. | B9: =LEFT(A9,FIND(".",A9)) -> Євр. | C9: =MID(A9,FIND(".",A9)+2,FIND(" ",RIGHT(A9,LEN(A9)-FIND(".",A9)-1))-1) -> 314 | E9: Четверта неділя посту | H9: lent | I9: 4 | K9: 7 | L9: =AND(OR(H9="",I9="",K9=""),G9="") -> FALSE
A10: Євр. 322 зач.; 9, 24-28. | B10: =LEFT(A10,FIND(".",A10)) -> Євр. | C10: =MID(A10,FIND(".",A10)+2,FIND(" ",RIGHT(A10,LEN(A10)-FIND(".",A10)-1))-1) -> 322 | E10: П'ята субота посту | H10: lent | I10: 5 | K10: 6 | L10: =AND(OR(H10="",I10="",K10=""),G10="") -> FALSE
A11: Євр. 321 зач.; 9, 11-14. | B11: =LEFT(A11,FIND(".",A11)) -> Євр. | C11: =MID(A11,FIND(".",A11)+2,FIND(" ",RIGHT(A11,LEN(A11)-FIND(".",A11)-1))-1) -> 321 | D11: b | E11: П'ята неділя посту. Цей і Симеону Богоприємцеві | G11: * | H11: lent | I11: 5 | K11: 7 | L11: =AND(OR(H11="",I11="",K11=""),G11="") -> FALSE
A12: Євр. 333 зач.; 12, 28 – 13, 8. | B12: =LEFT(A12,FIND(".",A12)) -> Євр. | C12: =MID(A12,FIND(".",A12)+2,FIND(" ",RIGHT(A12,LEN(A12)-FIND(".",A12)-1))-1) -> 333 | D12: b | E12: Шоста субота посту, квітна | H12: lent | I12: 6 | K12: 6 | L12: =AND(OR(H12="",I12="",K12=""),G12="") -> FALSE
A13: Флп. 247 зач.; 4, 4-9. | B13: =LEFT(A13,FIND(".",A13)) -> Флп. | C13: =MID(A13,FIND(".",A13)+2,FIND(" ",RIGHT(A13,LEN(A13)-FIND(".",A13)-1))-1) -> 247 | E13: Квітна неділя | H13: lent | I13: 6 | K13: 7 | L13: =AND(OR(H13="",I13="",K13=""),G13="") -> FALSE
A14: 1 Кор. 149 зач.; 11, 23-32. | B14: =LEFT(A14,FIND(".",A14)) -> 1 Кор. | C14: =MID(A14,FIND(".",A14)+2,FIND(" ",RIGHT(A14,LEN(A14)-FIND(".",A14)-1))-1) -> 149 | E14: У Великий четвер | H14: lent | I14: 7 | K14: 4 | L14: =AND(OR(H14="",I14="",K14=""),G14="") -> FALSE
A15: 1 Кор. 125 зач.; 1, 18 – 2, 2. | B15: =LEFT(A15,FIND(".",A15)) -> 1 Кор. | C15: =MID(A15,FIND(".",A15)+2,FIND(" ",RIGHT(A15,LEN(A15)-FIND(".",A15)-1))-1) -> 125 | D15: a | E15: Велика п'ятниця | H15: lent | I15: 7 | K15: 5 | L15: =AND(OR(H15="",I15="",K15=""),G15="") -> FALSE
A16: Рим. 91 зач.; 6, 3-11. | B16: =LEFT(A16,FIND(".",A16)) -> Рим. | C16: =MID(A16,FIND(".",A16)+2,FIND(" ",RIGHT(A16,LEN(A16)-FIND(".",A16)-1))-1) -> 91 | E16: Свята й Велика субота вечора | H16: lent | I16: 7 | K16: 6 | L16: =AND(OR(H16="",I16="",K16=""),G16="") -> FALSE
A17: Ді. 1 зач.; 1, 1-8. | B17: =LEFT(A17,FIND(".",A17)) -> Ді. | C17: =MID(A17,FIND(".",A17)+2,FIND(" ",RIGHT(A17,LEN(A17)-FIND(".",A17)-1))-1) -> 1 | D17: a | E17: В святу й велику неділю Пасхи | H17: pascha | I17: 1 | K17: 0 | L17: =AND(OR(H17="",I17="",K17=""),G17="") -> FALSE
A18: Ді. 2 зач.; 1, 12-17; 21-26. | B18: =LEFT(A18,FIND(".",A18)) -> Ді. | C18: =MID(A18,FIND(".",A18)+2,FIND(" ",RIGHT(A18,LEN(A18)-FIND(".",A18)-1))-1) -> 2 | E18: Понеділок світлого тижня | H18: pascha | I18: 1 | K18: 1 | L18: =AND(OR(H18="",I18="",K18=""),G18="") -> FALSE
A19: Ді. 4 зач.; 2, 14-21. | B19: =LEFT(A19,FIND(".",A19)) -> Ді. | C19: =MID(A19,FIND(".",A19)+2,FIND(" ",RIGHT(A19,LEN(A19)-FIND(".",A19)-1))-1) -> 4 | E19: Вівторок світлого тижня | H19: pascha | I19: 1 | K19: 2 | L19: =AND(OR(H19="",I19="",K19=""),G19="") -> FALSE
A20: Ді. 5 зач.; 2, 22-36. | B20: =LEFT(A20,FIND(".",A20)) -> Ді. | C20: =MID(A20,FIND(".",A20)+2,FIND(" ",RIGHT(A20,LEN(A20)-FIND(".",A20)-1))-1) -> 5 | E20: Середа світлого тижня | H20: pascha | I20: 1 | K20: 3 | L20: =AND(OR(H20="",I20="",K20=""),G20="") -> FALSE
A21: Ді. 6 зач.; 2, 38-43. | B21: =LEFT(A21,FIND(".",A21)) -> Ді. | C21: =MID(A21,FIND(".",A21)+2,FIND(" ",RIGHT(A21,LEN(A21)-FIND(".",A21)-1))-1) -> 6 | E21: Четвер світлого тижня | H21: pascha | I21: 1 | K21: 4 | L21: =AND(OR(H21="",I21="",K21=""),G21="") -> FALSE
A22: Ді. 7 зач.; 3, 1-8. | B22: =LEFT(A22,FIND(".",A22)) -> Ді. | C22: =MID(A22,FIND(".",A22)+2,FIND(" ",RIGHT(A22,LEN(A22)-FIND(".",A22)-1))-1) -> 7 | E22: П'ятниця світлого тижня | H22: pascha | I22: 1 | K22: 5 | L22: =AND(OR(H22="",I22="",K22=""),G22="") -> FALSE
A23: Ді. 8 зач.; 3, 11-16. | B23: =LEFT(A23,FIND(".",A23)) -> Ді. | C23: =MID(A23,FIND(".",A23)+2,FIND(" ",RIGHT(A23,LEN(A23)-FIND(".",A23)-1))-1) -> 8 | E23: Субота світлого тижня | H23: pascha | I23: 1 | K23: 6 | L23: =AND(OR(H23="",I23="",K23=""),G23="") -> FALSE
A24: Ді. 14 зач.; 5, 12-20. | B24: =LEFT(A24,FIND(".",A24)) -> Ді. | C24: =MID(A24,FIND(".",A24)+2,FIND(" ",RIGHT(A24,LEN(A24)-FIND(".",A24)-1))-1) -> 14 | E24: Томина неділя | H24: pascha | I24: 2 | K24: 0 | L24: =AND(OR(H24="",I24="",K24=""),G24="") -> FALSE
A25: Ді. 9 зач.; 3, 19-26. | B25: =LEFT(A25,FIND(".",A25)) -> Ді. | C25: =MID(A25,FIND(".",A25)+2,FIND(" ",RIGHT(A25,LEN(A25)-FIND(".",A25)-1))-1) -> 9 | E25: Понеділок 2-го тижня після Пасхи | H25: pascha | I25: 2 | K25: 1 | L25: =AND(OR(H25="",I25="",K25=""),G25="") -> FALSE
A26: Ді. 10 зач.; 4, 1-10. | B26: =LEFT(A26,FIND(".",A26)) -> Ді. | C26: =MID(A26,FIND(".",A26)+2,FIND(" ",RIGHT(A26,LEN(A26)-FIND(".",A26)-1))-1) -> 10 | E26: Вівторок 2-го тижня після Пасхи | H26: pascha | I26: 2 | K26: 2 | L26: =AND(OR(H26="",I26="",K26=""),G26="") -> FALSE
A27: Ді. 11 зач.; 4, 13-22. | B27: =LEFT(A27,FIND(".",A27)) -> Ді. | C27: =MID(A27,FIND(".",A27)+2,FIND(" ",RIGHT(A27,LEN(A27)-FIND(".",A27)-1))-1) -> 11 | E27: Середа 2-го тижня після Пасхи | H27: pascha | I27: 2 | K27: 3 | L27: =AND(OR(H27="",I27="",K27=""),G27="") -> FALSE
A28: Ді. 12 зач.; 4, 23-31. | B28: =LEFT(A28,FIND(".",A28)) -> Ді. | C28: =MID(A28,FIND(".",A28)+2,FIND(" ",RIGHT(A28,LEN(A28)-FIND(".",A28)-1))-1) -> 12 | E28: Четвер 2-го тижня після Пасхи | H28: pascha | I28: 2 | K28: 4 | L28: =AND(OR(H28="",I28="",K28=""),G28="") -> FALSE
A29: Ді. 13 зач.; 5, 1-11. | B29: =LEFT(A29,FIND(".",A29)) -> Ді. | C29: =MID(A29,FIND(".",A29)+2,FIND(" ",RIGHT(A29,LEN(A29)-FIND(".",A29)-1))-1) -> 13 | E29: П'ятниця 2-го тижня після Пасхи | H29: pascha | I29: 2 | K29: 5 | L29: =AND(OR(H29="",I29="",K29=""),G29="") -> FALSE
... A35: Ді. 20 зач.; 8, 26-39. | B35: =LEFT(A35,FIND(".",A35)) -> Ді. | C35: =MID(A35,FIND(".",A35)+2,FIND(" ",RIGHT(A35,LEN(A35)-FIND(".",A35)-1))-1) -> 20 | E35: Четвер 3-го тижня після Пасхи | H35: pascha | I35: 3 | K35: 4 | L35: =AND(OR(H35="",I35="",K35=""),G35="") -> FALSE
A36: Ді. 21 зач.; 8, 40 – 9, 19. | B36: =LEFT(A36,FIND(".",A36)) -> Ді. | C36: =MID(A36,FIND(".",A36)+2,FIND(" ",RIGHT(A36,LEN(A36)-FIND(".",A36)-1))-1) -> 21 | D36: a | E36: П'ятниця 3-го тижня після Пасхи | H36: pascha | I36: 3 | K36: 5 | L36: =AND(OR(H36="",I36="",K36=""),G36="") -> FALSE
A37: Ді. 22 зач.; 9, 20-31. | B37: =LEFT(A37,FIND(".",A37)) -> Ді. | C37: =MID(A37,FIND(".",A37)+2,FIND(" ",RIGHT(A37,LEN(A37)-FIND(".",A37)-1))-1) -> 22 | E37: Субота 3-тя після Пасхи | H37: pascha | I37: 3 | K37: 6 | L37: =AND(OR(H37="",I37="",K37=""),G37="") -> FALSE
A38: Ді. 23 зач.; 9, 32-42. | B38: =LEFT(A38,FIND(".",A38)) -> Ді. | C38: =MID(A38,FIND(".",A38)+2,FIND(" ",RIGHT(A38,LEN(A38)-FIND(".",A38)-1))-1) -> 23 | E38: Неділя 4-та, про розслабленого | H38: pascha | I38: 4 | K38: 0 | L38: =AND(OR(H38="",I38="",K38=""),G38="") -> FALSE
A39: Ді. 24 зач.; 10, 1-16. | B39: =LEFT(A39,FIND(".",A39)) -> Ді. | C39: =MID(A39,FIND(".",A39)+2,FIND(" ",RIGHT(A39,LEN(A39)-FIND(".",A39)-1))-1) -> 24 | E39: Понеділок 4-го тижня після Пасхи | H39: pascha | I39: 4 | K39: 1 | L39: =AND(OR(H39="",I39="",K39=""),G39="") -> FALSE
A40: Ді. 25 зач.; 10, 21-33. | B40: =LEFT(A40,FIND(".",A40)) -> Ді. | C40: =MID(A40,FIND(".",A40)+2,FIND(" ",RIGHT(A40,LEN(A40)-FIND(".",A40)-1))-1) -> 25 | E40: Вівторок 4-го тижня після Пасхи | H40: pascha | I40: 4 | K40: 2 | L40: =AND(OR(H40="",I40="",K40=""),G40="") -> FALSE
A41: Ді. 34 зач.; 14, 6-18. | B41: =LEFT(A41,FIND(".",A41)) -> Ді. | C41: =MID(A41,FIND(".",A41)+2,FIND(" ",RIGHT(A41,LEN(A41)-FIND(".",A41)-1))-1) -> 34 | E41: Середа Переполовення | H41: pascha | I41: 4 | K41: 3 | L41: =AND(OR(H41="",I41="",K41=""),G41="") -> FALSE
A42: Ді. 26 зач.; 10, 34-43. | B42: =LEFT(A42,FIND(".",A42)) -> Ді. | C42: =MID(A42,FIND(".",A42)+2,FIND(" ",RIGHT(A42,LEN(A42)-FIND(".",A42)-1))-1) -> 26 | E42: Четвер 4-го тижня після Пасхи | H42: pascha | I42: 4 | K42: 4 | L42: =AND(OR(H42="",I42="",K42=""),G42="") -> FALSE
A43: Ді. 27 зач.; 10, 44 – 11, 10. | B43: =LEFT(A43,FIND(".",A43)) -> Ді. | C43: =MID(A43,FIND(".",A43)+2,FIND(" ",RIGHT(A43,LEN(A43)-FIND(".",A43)-1))-1) -> 27 | E43: П'ятниця 4-го тижня після Пасхи | H43: pascha | I43: 4 | K43: 5 | L43: =AND(OR(H43="",I43="",K43=""),G43="") -> FALSE
A44: Ді. 29 зач.; 12, 1-11. | B44: =LEFT(A44,FIND(".",A44)) -> Ді. | C44: =MID(A44,FIND(".",A44)+2,FIND(" ",RIGHT(A44,LEN(A44)-FIND(".",A44)-1))-1) -> 29 | E44: Субота 4-та після Пасхи. Цей же і святому мученикові Юрієві, і Яковові Заведеєві | H44: pascha | I44: 4 | K44: 6 | L44: =AND(OR(H44="",I44="",K44=""),G44="") -> FALSE
A45: Ді. 28 зач.; 11, 19-26; 29-30. | B45: =LEFT(A45,FIND(".",A45)) -> Ді. | C45: =MID(A45,FIND(".",A45)+2,FIND(" ",RIGHT(A45,LEN(A45)-FIND(".",A45)-1))-1) -> 28 | E45: Неділя 5-та, про самарянку | H45: pascha | I45: 5 | K45: 0 | L45: =AND(OR(H45="",I45="",K45=""),G45="") -> FALSE
A46: Ді. 30 зач.; 12, 12-17. | B46: =LEFT(A46,FIND(".",A46)) -> Ді. | C46: =MID(A46,FIND(".",A46)+2,FIND(" ",RIGHT(A46,LEN(A46)-FIND(".",A46)-1))-1) -> 30 | E46: Понеділок 5-го тижня після Пасхи | H46: pascha | I46: 5 | K46: 1 | L46: =AND(OR(H46="",I46="",K46=""),G46="") -> FALSE
A47: Ді. 31 зач.; 12, 25 – 13, 12. | B47: =LEFT(A47,FIND(".",A47)) -> Ді. | C47: =MID(A47,FIND(".",A47)+2,FIND(" ",RIGHT(A47,LEN(A47)-FIND(".",A47)-1))-1) -> 31 | E47: Вівторок 5-го тижня після Пасхи | H47: pascha | I47: 5 | K47: 2 | L47: =AND(OR(H47="",I47="",K47=""),G47="") -> FALSE
A48: Ді. 32 зач.; 13, 13-24. | B48: =LEFT(A48,FIND(".",A48)) -> Ді. | C48: =MID(A48,FIND(".",A48)+2,FIND(" ",RIGHT(A48,LEN(A48)-FIND(".",A48)-1))-1) -> 32 | E48: Середа 5-го тижня після Пасхи | H48: pascha | I48: 5 | K48: 3 | L48: =AND(OR(H48="",I48="",K48=""),G48="") -> FALSE
... A53: Ді. 39 зач.; 17, 1-15. | B53: =LEFT(A53,FIND(".",A53)) -> Ді. | C53: =MID(A53,FIND(".",A53)+2,FIND(" ",RIGHT(A53,LEN(A53)-FIND(".",A53)-1))-1) -> 39 | E53: Понеділок 6-го тижня після Пасхи | H53: pascha | I53: 6 | K53: 1 | L53: =AND(OR(H53="",I53="",K53=""),G53="") -> FALSE
A54: Ді. 40 зач.; 17, 19-28. | B54: =LEFT(A54,FIND(".",A54)) -> Ді. | C54: =MID(A54,FIND(".",A54)+2,FIND(" ",RIGHT(A54,LEN(A54)-FIND(".",A54)-1))-1) -> 40 | D54: a | E54: Вівторок 6-го тижня після Пасхи | H54: pascha | I54: 6 | K54: 2 | L54: =AND(OR(H54="",I54="",K54=""),G54="") -> FALSE
A55: Ді. 41 зач.; 18, 22-28. | B55: =LEFT(A55,FIND(".",A55)) -> Ді. | C55: =MID(A55,FIND(".",A55)+2,FIND(" ",RIGHT(A55,LEN(A55)-FIND(".",A55)-1))-1) -> 41 | E55: Середа 6-го тижня після Пасхи | H55: pascha | I55: 6 | K55: 3 | L55: =AND(OR(H55="",I55="",K55=""),G55="") -> FALSE
A56: Ді. 1 зач.; 1, 1-12. | B56: =LEFT(A56,FIND(".",A56)) -> Ді. | C56: =MID(A56,FIND(".",A56)+2,FIND(" ",RIGHT(A56,LEN(A56)-FIND(".",A56)-1))-1) -> 1 | D56: b | E56: На Вознесення Господнє | H56: pascha | I56: 6 | K56: 4 | L56: =AND(OR(H56="",I56="",K56=""),G56="") -> FALSE
A57: Ді. 42 зач.; 19, 1-8. | B57: =LEFT(A57,FIND(".",A57)) -> Ді. | C57: =MID(A57,FIND(".",A57)+2,FIND(" ",RIGHT(A57,LEN(A57)-FIND(".",A57)-1))-1) -> 42 | E57: П'ятниця 6-го тижня після Пасхи. Це й 8-го січня, Христителеві | G57: ? | H57: pascha | I57: 6 | K57: 5 | L57: =AND(OR(H57="",I57="",K57=""),G57="") -> FALSE
A58: Ді. 43 зач.; 20, 7-12. | B58: =LEFT(A58,FIND(".",A58)) -> Ді. | C58: =MID(A58,FIND(".",A58)+2,FIND(" ",RIGHT(A58,LEN(A58)-FIND(".",A58)-1))-1) -> 43 | E58: Субота 6-та після Пасхи | H58: pascha | I58: 6 | K58: 6 | L58: =AND(OR(H58="",I58="",K58=""),G58="") -> FALSE
A59: Ді. 44 зач.; 20, 16-18; 28-36. | B59: =LEFT(A59,FIND(".",A59)) -> Ді. | C59: =MID(A59,FIND(".",A59)+2,FIND(" ",RIGHT(A59,LEN(A59)-FIND(".",A59)-1))-1) -> 44 | E59: Неділя 7-ма, святих отців | H59: pascha | I59: 7 | K59: 0 | L59: =AND(OR(H59="",I59="",K59=""),G59="") -> FALSE
A60: Ді. 45 зач.; 21, 8-14. | B60: =LEFT(A60,FIND(".",A60)) -> Ді. | C60: =MID(A60,FIND(".",A60)+2,FIND(" ",RIGHT(A60,LEN(A60)-FIND(".",A60)-1))-1) -> 45 | E60: Понеділок 7-го тижня після Пасхи | H60: pascha | I60: 7 | K60: 1 | L60: =AND(OR(H60="",I60="",K60=""),G60="") -> FALSE
A61: Ді. 46 зач.; 21, 26-32. | B61: =LEFT(A61,FIND(".",A61)) -> Ді. | C61: =MID(A61,FIND(".",A61)+2,FIND(" ",RIGHT(A61,LEN(A61)-FIND(".",A61)-1))-1) -> 46 | E61: Вівторок 7-го тижня після Пасхи | H61: pascha | I61: 7 | K61: 2 | L61: =AND(OR(H61="",I61="",K61=""),G61="") -> FALSE
A62: Ді. 47 зач.; 23, 1-11. | B62: =LEFT(A62,FIND(".",A62)) -> Ді. | C62: =MID(A62,FIND(".",A62)+2,FIND(" ",RIGHT(A62,LEN(A62)-FIND(".",A62)-1))-1) -> 47 | E62: Середа 7-го тижня після Пасхи | H62: pascha | I62: 7 | K62: 3 | L62: =AND(OR(H62="",I62="",K62=""),G62="") -> FALSE
A63: Ді. 48 зач.; 25, 13-19. | B63: =LEFT(A63,FIND(".",A63)) -> Ді. | C63: =MID(A63,FIND(".",A63)+2,FIND(" ",RIGHT(A63,LEN(A63)-FIND(".",A63)-1))-1) -> 48 | E63: Четвер 7-го тижня після Пасхи | H63: pascha | I63: 7 | K63: 4 | L63: =AND(OR(H63="",I63="",K63=""),G63="") -> FALSE
A64: Ді. 50 зач.; 27, 1-44. | B64: =LEFT(A64,FIND(".",A64)) -> Ді. | C64: =MID(A64,FIND(".",A64)+2,FIND(" ",RIGHT(A64,LEN(A64)-FIND(".",A64)-1))-1) -> 50 | D64: a | E64: П'ятниця 7-го тижня після Пасхи | H64: pascha | I64: 7 | K64: 5 | L64: =AND(OR(H64="",I64="",K64=""),G64="") -> FALSE
A65: Ді. 51 зач.; 28, 1-31. | B65: =LEFT(A65,FIND(".",A65)) -> Ді. | C65: =MID(A65,FIND(".",A65)+2,FIND(" ",RIGHT(A65,LEN(A65)-FIND(".",A65)-1))-1) -> 51 | D65: a | E65: Субота 7-ма після Пасхи | H65: pascha | I65: 7 | K65: 6 | L65: =AND(OR(H65="",I65="",K65=""),G65="") -> FALSE
A66: Ді. 3 зач.; 2, 1-11. | B66: =LEFT(A66,FIND(".",A66)) -> Ді. | C66: =MID(A66,FIND(".",A66)+2,FIND(" ",RIGHT(A66,LEN(A66)-FIND(".",A66)-1))-1) -> 3 | E66: Неділя 50-ці | H66: pentecost | I66: 1 | K66: 0 | L66: =AND(OR(H66="",I66="",K66=""),G66="") -> FALSE
A67: Еф. 229 зач.; 5, 9-19. | B67: =LEFT(A67,FIND(".",A67)) -> Еф. | C67: =MID(A67,FIND(".",A67)+2,FIND(" ",RIGHT(A67,LEN(A67)-FIND(".",A67)-1))-1) -> 229 | E67: Неділя 26-га після 50-ці. Цей же й у понеділок Святого Духа | H67: pentecost | I67: 1 | K67: 1 | L67: =AND(OR(H67="",I67="",K67=""),G67="") -> FALSE
A68: Рим. 79 зач.; 1, 1-7; 13-17. | B68: =LEFT(A68,FIND(".",A68)) -> Рим. | C68: =MID(A68,FIND(".",A68)+2,FIND(" ",RIGHT(A68,LEN(A68)-FIND(".",A68)-1))-1) -> 79 | D68: a | E68: Вівторок 1-го тижня після 50-ці | H68: pentecost | I68: 1 | K68: 2 | L68: =AND(OR(H68="",I68="",K68=""),G68="") -> FALSE
A69: Рим. 80 зач.; 1, 18-27. | B69: =LEFT(A69,FIND(".",A69)) -> Рим. | C69: =MID(A69,FIND(".",A69)+2,FIND(" ",RIGHT(A69,LEN(A69)-FIND(".",A69)-1))-1) -> 80 | E69: Середа 1-го тижня після 50-ці | H69: pentecost | I69: 1 | K69: 3 | L69: =AND(OR(H69="",I69="",K69=""),G69="") -> FALSE
A70: Рим. 81 зач.; 1, 28 – 2, 9. | B70: =LEFT(A70,FIND(".",A70)) -> Рим. | C70: =MID(A70,FIND(".",A70)+2,FIND(" ",RIGHT(A70,LEN(A70)-FIND(".",A70)-1))-1) -> 81 | D70: a | E70: Четвер 1-го тижня після 50-ці | H70: pentecost | I70: 1 | K70: 4 | L70: =AND(OR(H70="",I70="",K70=""),G70="") -> FALSE
A71: Рим. 82 зач.; 2, 14-29. | B71: =LEFT(A71,FIND(".",A71)) -> Рим. | C71: =MID(A71,FIND(".",A71)+2,FIND(" ",RIGHT(A71,LEN(A71)-FIND(".",A71)-1))-1) -> 82 | E71: П'ятниця 1-го тижня після 50-ці | H71: pentecost | I71: 1 | K71: 5 | L71: =AND(OR(H71="",I71="",K71=""),G71="") -> FALSE
A72: Рим. 79 зач.; 1, 7-12. | B72: =LEFT(A72,FIND(".",A72)) -> Рим. | C72: =MID(A72,FIND(".",A72)+2,FIND(" ",RIGHT(A72,LEN(A72)-FIND(".",A72)-1))-1) -> 79 | D72: b | E72: Субота 1-ша після 50-ці | H72: pentecost | I72: 1 | K72: 6 | L72: =AND(OR(H72="",I72="",K72=""),G72="") -> FALSE
A73: Євр. 330 зач.; 11, 33 – 12, 2. | B73: =LEFT(A73,FIND(".",A73)) -> Євр. | C73: =MID(A73,FIND(".",A73)+2,FIND(" ",RIGHT(A73,LEN(A73)-FIND(".",A73)-1))-1) -> 330 | E73: Неділя всіх святих | H73: pentecost | I73: 1 | K73: 7 | L73: =AND(OR(H73="",I73="",K73=""),G73="") -> FALSE
A74: Рим. 83 зач.; 2, 28 – 3, 18. | B74: =LEFT(A74,FIND(".",A74)) -> Рим. | C74: =MID(A74,FIND(".",A74)+2,FIND(" ",RIGHT(A74,LEN(A74)-FIND(".",A74)-1))-1) -> 83 | E74: Понеділок 2-го тижня після 50-ці | H74: pentecost | I74: 2 | K74: 1 | L74: =AND(OR(H74="",I74="",K74=""),G74="") -> FALSE
A75: Рим. 86 зач.; 4, 4-12. | B75: =LEFT(A75,FIND(".",A75)) -> Рим. | C75: =MID(A75,FIND(".",A75)+2,FIND(" ",RIGHT(A75,LEN(A75)-FIND(".",A75)-1))-1) -> 86 | E75: Вівторок 2-го тижня після 50-ці | H75: pentecost | I75: 2 | K75: 2 | L75: =AND(OR(H75="",I75="",K75=""),G75="") -> FALSE
A76: Рим. 87 зач.; 4, 13-25. | B76: =LEFT(A76,FIND(".",A76)) -> Рим. | C76: =MID(A76,FIND(".",A76)+2,FIND(" ",RIGHT(A76,LEN(A76)-FIND(".",A76)-1))-1) -> 87 | E76: Середа 2-го тижня після 50-ці | H76: pentecost | I76: 2 | K76: 3 | L76: =AND(OR(H76="",I76="",K76=""),G76="") -> FALSE
A77: Рим. 89 зач.; 5, 10-16. | B77: =LEFT(A77,FIND(".",A77)) -> Рим. | C77: =MID(A77,FIND(".",A77)+2,FIND(" ",RIGHT(A77,LEN(A77)-FIND(".",A77)-1))-1) -> 89 | E77: Четвер 2-го тижня після 50-ці | H77: pentecost | I77: 2 | K77: 4 | L77: =AND(OR(H77="",I77="",K77=""),G77="") -> FALSE
A78: Рим. 90 зач.; 5, 17 – 6, 2. | B78: =LEFT(A78,FIND(".",A78)) -> Рим. | C78: =MID(A78,FIND(".",A78)+2,FIND(" ",RIGHT(A78,LEN(A78)-FIND(".",A78)-1))-1) -> 90 | E78: П'ятниця 2-го тижня після 50-ці | H78: pentecost | I78: 2 | K78: 5 | L78: =AND(OR(H78="",I78="",K78=""),G78="") -> FALSE
A79: Рим. 84 зач.; 3, 19-26. | B79: =LEFT(A79,FIND(".",A79)) -> Рим. | C79: =MID(A79,FIND(".",A79)+2,FIND(" ",RIGHT(A79,LEN(A79)-FIND(".",A79)-1))-1) -> 84 | E79: Субота 2-га після 50-ці | H79: pentecost | I79: 2 | K79: 6 | L79: =AND(OR(H79="",I79="",K79=""),G79="") -> FALSE
A80: Рим. 99 зач.; 8, 28-39. | B80: =LEFT(A80,FIND(".",A80)) -> Рим. | C80: =MID(A80,FIND(".",A80)+2,FIND(" ",RIGHT(A80,LEN(A80)-FIND(".",A80)-1))-1) -> 99 | E80: Всім святим українського народу. Святим великомученикам | G80: * | H80: pentecost | I80: 2 | K80: 7 | L80: =AND(OR(H80="",I80="",K80=""),G80="") -> FALSE
A81: Рим. 81 зач.; 2, 10-16. | B81: =LEFT(A81,FIND(".",A81)) -> Рим. | C81: =MID(A81,FIND(".",A81)+2,FIND(" ",RIGHT(A81,LEN(A81)-FIND(".",A81)-1))-1) -> 81 | D81: b | E81: Неділя 2-га після 50-ці | H81: pentecost | I81: 2 | K81: 7 | L81: =AND(OR(H81="",I81="",K81=""),G81="") -> FALSE
A82: Рим. 94 зач.; 7, 1-13. | B82: =LEFT(A82,FIND(".",A82)) -> Рим. | C82: =MID(A82,FIND(".",A82)+2,FIND(" ",RIGHT(A82,LEN(A82)-FIND(".",A82)-1))-1) -> 94 | E82: Понеділок 3-го тижня після 50-ці | H82: pentecost | I82: 3 | K82: 1 | L82: =AND(OR(H82="",I82="",K82=""),G82="") -> FALSE
A83: Рим. 95 зач.; 7, 14 – 8, 2. | B83: =LEFT(A83,FIND(".",A83)) -> Рим. | C83: =MID(A83,FIND(".",A83)+2,FIND(" ",RIGHT(A83,LEN(A83)-FIND(".",A83)-1))-1) -> 95 | E83: Вівторок 3-го тижня після 50-ці | H83: pentecost | I83: 3 | K83: 2 | L83: =AND(OR(H83="",I83="",K83=""),G83="") -> FALSE
A84: Рим. 96 зач.; 8, 2-13. | B84: =LEFT(A84,FIND(".",A84)) -> Рим. | C84: =MID(A84,FIND(".",A84)+2,FIND(" ",RIGHT(A84,LEN(A84)-FIND(".",A84)-1))-1) -> 96 | D84: a | E84: Середа 3-го тижня після 50-ці | H84: pentecost | I84: 3 | K84: 3 | L84: =AND(OR(H84="",I84="",K84=""),G84="") -> FALSE
A85: Рим. 98 зач.; 8, 22-27. | B85: =LEFT(A85,FIND(".",A85)) -> Рим. | C85: =MID(A85,FIND(".",A85)+2,FIND(" ",RIGHT(A85,LEN(A85)-FIND(".",A85)-1))-1) -> 98 | E85: Четвер 3-го тижня після 50-ці | H85: pentecost | I85: 3 | K85: 4 | L85: =AND(OR(H85="",I85="",K85=""),G85="") -> FALSE
A86: Рим. 101 зач.; 9, 6-19. | B86: =LEFT(A86,FIND(".",A86)) -> Рим. | C86: =MID(A86,FIND(".",A86)+2,FIND(" ",RIGHT(A86,LEN(A86)-FIND(".",A86)-1))-1) -> 101 | E86: П'ятниця 3-го тижня після 50-ці | H86: pentecost | I86: 3 | K86: 5 | L86: =AND(OR(H86="",I86="",K86=""),G86="") -> FALSE
A87: Рим. 85 зач.; 3, 28 – 4, 3. | B87: =LEFT(A87,FIND(".",A87)) -> Рим. | C87: =MID(A87,FIND(".",A87)+2,FIND(" ",RIGHT(A87,LEN(A87)-FIND(".",A87)-1))-1) -> 85 | E87: Субота 3-тя після 50-ці, рядова | H87: pentecost | I87: 3 | K87: 6 | L87: =AND(OR(H87="",I87="",K87=""),G87="") -> FALSE
A88: Флп. 240 зач.; 2, 5-11. | B88: =LEFT(A88,FIND(".",A88)) -> Флп. | C88: =MID(A88,FIND(".",A88)+2,FIND(" ",RIGHT(A88,LEN(A88)-FIND(".",A88)-1))-1) -> 240 | E88: Субота 3-тя після 50-ці, Сострадання | H88: pentecost | I88: 3 | K88: 6 | L88: =AND(OR(H88="",I88="",K88=""),G88="") -> FALSE
A89: Рим. 88 зач.; 5, 1-10. | B89: =LEFT(A89,FIND(".",A89)) -> Рим. | C89: =MID(A89,FIND(".",A89)+2,FIND(" ",RIGHT(A89,LEN(A89)-FIND(".",A89)-1))-1) -> 88 | D89: a | E89: Неділя 3-тя після 50-ці | H89: pentecost | I89: 3 | K89: 7 | L89: =AND(OR(H89="",I89="",K89=""),G89="") -> FALSE
A90: Рим. 102 зач.; 9, 18-33. | B90: =LEFT(A90,FIND(".",A90)) -> Рим. | C90: =MID(A90,FIND(".",A90)+2,FIND(" ",RIGHT(A90,LEN(A90)-FIND(".",A90)-1))-1) -> 102 | E90: Понеділок 4-го тижня після 50-ці | H90: pentecost | I90: 4 | K90: 1 | L90: =AND(OR(H90="",I90="",K90=""),G90="") -> FALSE
A91: Рим. 104 зач.; 10, 11 – 11, 2. | B91: =LEFT(A91,FIND(".",A91)) -> Рим. | C91: =MID(A91,FIND(".",A91)+2,FIND(" ",RIGHT(A91,LEN(A91)-FIND(".",A91)-1))-1) -> 104 | E91: Вівторок 4-го тижня після 50-ці | H91: pentecost | I91: 4 | K91: 2 | L91: =AND(OR(H91="",I91="",K91=""),G91="") -> FALSE
A92: Рим. 105 зач.; 11, 2-12. | B92: =LEFT(A92,FIND(".",A92)) -> Рим. | C92: =MID(A92,FIND(".",A92)+2,FIND(" ",RIGHT(A92,LEN(A92)-FIND(".",A92)-1))-1) -> 105 | E92: Середа 4-го тижня після 50-ці | H92: pentecost | I92: 4 | K92: 3 | L92: =AND(OR(H92="",I92="",K92=""),G92="") -> FALSE
A93: Рим. 106 зач.; 11, 13-24. | B93: =LEFT(A93,FIND(".",A93)) -> Рим. | C93: =MID(A93,FIND(".",A93)+2,FIND(" ",RIGHT(A93,LEN(A93)-FIND(".",A93)-1))-1) -> 106 | E93: Четвер 4-го тижня після 50-ці | H93: pentecost | I93: 4 | K93: 4 | L93: =AND(OR(H93="",I93="",K93=""),G93="") -> FALSE
A94: Рим. 107 зач.; 11, 25-36. | B94: =LEFT(A94,FIND(".",A94)) -> Рим. | C94: =MID(A94,FIND(".",A94)+2,FIND(" ",RIGHT(A94,LEN(A94)-FIND(".",A94)-1))-1) -> 107 | E94: П'ятниця 4-го тижня після 50-ці | H94: pentecost | I94: 4 | K94: 5 | L94: =AND(OR(H94="",I94="",K94=""),G94="") -> FALSE
A95: Рим. 92 зач.; 6, 11-17. | B95: =LEFT(A95,FIND(".",A95)) -> Рим. | C95: =MID(A95,FIND(".",A95)+2,FIND(" ",RIGHT(A95,LEN(A95)-FIND(".",A95)-1))-1) -> 92 | E95: Субота 4-та після 50-ці | H95: pentecost | I95: 4 | K95: 6 | L95: =AND(OR(H95="",I95="",K95=""),G95="") -> FALSE
A96: Рим. 93 зач.; 6, 18-23. | B96: =LEFT(A96,FIND(".",A96)) -> Рим. | C96: =MID(A96,FIND(".",A96)+2,FIND(" ",RIGHT(A96,LEN(A96)-FIND(".",A96)-1))-1) -> 93 | E96: Неділя 4-та після 50-ці | H96: pentecost | I96: 4 | K96: 7 | L96: =AND(OR(H96="",I96="",K96=""),G96="") -> FALSE
A97: Рим. 109 зач.; 12, 4-5; 15-21. | B97: =LEFT(A97,FIND(".",A97)) -> Рим. | C97: =MID(A97,FIND(".",A97)+2,FIND(" ",RIGHT(A97,LEN(A97)-FIND(".",A97)-1))-1) -> 109 | E97: Понеділок 5-го тижня після 50-ці | H97: pentecost | I97: 5 | K97: 1 | L97: =AND(OR(H97="",I97="",K97=""),G97="") -> FALSE
A98: Рим. 114 зач.; 14, 9-18. | B98: =LEFT(A98,FIND(".",A98)) -> Рим. | C98: =MID(A98,FIND(".",A98)+2,FIND(" ",RIGHT(A98,LEN(A98)-FIND(".",A98)-1))-1) -> 114 | E98: Вівторок 5-го тижня після 50-ці | H98: pentecost | I98: 5 | K98: 2 | L98: =AND(OR(H98="",I98="",K98=""),G98="") -> FALSE
A99: Рим. 117 зач.; 15, 7-16. | B99: =LEFT(A99,FIND(".",A99)) -> Рим. | C99: =MID(A99,FIND(".",A99)+2,FIND(" ",RIGHT(A99,LEN(A99)-FIND(".",A99)-1))-1) -> 117 | E99: Середа 5-го тижня після 50-ці | H99: pentecost | I99: 5 | K99: 3 | L99: =AND(OR(H99="",I99="",K99=""),G99="") -> FALSE
A100: Рим. 118 зач.; 15, 17-29. | B100: =LEFT(A100,FIND(".",A100)) -> Рим. | C100: =MID(A100,FIND(".",A100)+2,FIND(" ",RIGHT(A100,LEN(A100)-FIND(".",A100)-1))-1) -> 118 | E100: Четвер 5-го тижня після 50-ці | H100: pentecost | I100: 5 | K100: 4 | L100: =AND(OR(H100="",I100="",K100=""),G100="") -> FALSE
A101: Рим. 120 зач.; 16, 1-16. | B101: =LEFT(A101,FIND(".",A101)) -> Рим. | C101: =MID(A101,FIND(".",A101)+2,FIND(" ",RIGHT(A101,LEN(A101)-FIND(".",A101)-1))-1) -> 120 | E101: П'ятниця 5-го тижня після 50-ці | H101: pentecost | I101: 5 | K101: 5 | L101: =AND(OR(H101="",I101="",K101=""),G101="") -> FALSE
... A107: 1 Кор. 129 зач.; 3, 18-23. | B107: =LEFT(A107,FIND(".",A107)) -> 1 Кор. | C107: =MID(A107,FIND(".",A107)+2,FIND(" ",RIGHT(A107,LEN(A107)-FIND(".",A107)-1))-1) -> 129 | E107: Четвер 6-го тижня після 50-ці | H107: pentecost | I107: 6 | K107: 4 | L107: =AND(OR(H107="",I107="",K107=""),G107="") -> FALSE
A108: 1 Кор. 130 зач.; 4, 5-8. | B108: =LEFT(A108,FIND(".",A108)) -> 1 Кор. | C108: =MID(A108,FIND(".",A108)+2,FIND(" ",RIGHT(A108,LEN(A108)-FIND(".",A108)-1))-1) -> 130 | D108: a | E108: П'ятниця 6-го тижня після 50-ці | H108: pentecost | I108: 6 | K108: 5 | L108: =AND(OR(H108="",I108="",K108=""),G108="") -> FALSE
A109: Рим. 100 зач.; 9, 1-5. | B109: =LEFT(A109,FIND(".",A109)) -> Рим. | C109: =MID(A109,FIND(".",A109)+2,FIND(" ",RIGHT(A109,LEN(A109)-FIND(".",A109)-1))-1) -> 100 | E109: Субота 6-та після 50-ці | H109: pentecost | I109: 6 | K109: 6 | L109: =AND(OR(H109="",I109="",K109=""),G109="") -> FALSE
A110: Рим. 110 зач.; 12, 6-14. | B110: =LEFT(A110,FIND(".",A110)) -> Рим. | C110: =MID(A110,FIND(".",A110)+2,FIND(" ",RIGHT(A110,LEN(A110)-FIND(".",A110)-1))-1) -> 110 | E110: Неділя 6-та після 50-ці | H110: pentecost | I110: 6 | K110: 7 | L110: =AND(OR(H110="",I110="",K110=""),G110="") -> FALSE
A111: 1 Кор. 134 зач.; 5, 9 – 6, 11. | B111: =LEFT(A111,FIND(".",A111)) -> 1 Кор. | C111: =MID(A111,FIND(".",A111)+2,FIND(" ",RIGHT(A111,LEN(A111)-FIND(".",A111)-1))-1) -> 134 | E111: Понеділок 7-го тижня після 50-ці | H111: pentecost | I111: 7 | K111: 1 | L111: =AND(OR(H111="",I111="",K111=""),G111="") -> FALSE
A112: 1 Кор. 136 зач.; 6, 20 – 7, 12. | B112: =LEFT(A112,FIND(".",A112)) -> 1 Кор. | C112: =MID(A112,FIND(".",A112)+2,FIND(" ",RIGHT(A112,LEN(A112)-FIND(".",A112)-1))-1) -> 136 | E112: Вівторок 7-го тижня після 50-ці | H112: pentecost | I112: 7 | K112: 2 | L112: =AND(OR(H112="",I112="",K112=""),G112="") -> FALSE
A113: 1 Кор. 137 зач.; 7, 12-24. | B113: =LEFT(A113,FIND(".",A113)) -> 1 Кор. | C113: =MID(A113,FIND(".",A113)+2,FIND(" ",RIGHT(A113,LEN(A113)-FIND(".",A113)-1))-1) -> 137 | E113: Середа 7-го тижня після 50-ці | H113: pentecost | I113: 7 | K113: 3 | L113: =AND(OR(H113="",I113="",K113=""),G113="") -> FALSE
A114: 1 Кор. 138 зач.; 7, 24-35. | B114: =LEFT(A114,FIND(".",A114)) -> 1 Кор. | C114: =MID(A114,FIND(".",A114)+2,FIND(" ",RIGHT(A114,LEN(A114)-FIND(".",A114)-1))-1) -> 138 | E114: Четвер 7-го тижня після 50-ці | H114: pentecost | I114: 7 | K114: 4 | L114: =AND(OR(H114="",I114="",K114=""),G114="") -> FALSE
...

Sheet evanhelie
A1: Читання | B1: Книга | C1: Книга_код | D1: # зач. | E1: abc | F1: Присвята | G1: Примітка | H1: Дата (мінея) | I1: Період | J1: Тиждень від | K1: Тиждень до ВП | L1: День тижня | M1: Обч. день тижня | N1: Обч. період | O1: Обч. тиждень | P1: empty?
A2: Ів. 1 зач.; 1, 1-17. | B2: =LEFT(A2,FIND(".",A2)) -> Ів. | C2: iv | D2: =MID(A2,FIND(".",A2)+2,FIND(" ",RIGHT(A2,LEN(A2)-FIND(".",A2)-1))-1) -> 1 | F2: В святу й велику неділю Пасхи на Літургії | I2: lent | J2: 7 | L2: 7 | M2: =IFNA( VLOOKUP(LEFT(F2, IFERROR(FIND(" ", F2, 1),1) - 1), lists!$A$31:$B$37, 2, FALSE),"") | N2: =IFERROR(__xludf.DUMMYFUNCTION("IFNA(VLOOKUP(IFNA(REGEXEXTRACT(F2, ""(Пасхи|50-ці|посту)""),""""),lists!$A$39:$B$41,2,FALSE),"""")"),"pascha") -> pascha | O2: =IFERROR(__xludf.DUMMYFUNCTION("IFNA(REGEXEXTRACT(F2, ""\d{1,2}""),"""")"),"") | P2: =AND(OR(I2="",J2="",L2=""),H2="") -> FALSE
A3: Ів. 2 зач.; 1, 18-28. | B3: =LEFT(A3,FIND(".",A3)) -> Ів. | C3: iv | D3: =MID(A3,FIND(".",A3)+2,FIND(" ",RIGHT(A3,LEN(A3)-FIND(".",A3)-1))-1) -> 2 | F3: Понеділок світлого тижня | I3: pascha | J3: 1 | L3: 1 | M3: =IFNA( VLOOKUP(LEFT(F3, IFERROR(FIND(" ", F3, 1),1) - 1), lists!$A$31:$B$37, 2, FALSE),"") -> 1 | N3: =IFERROR(__xludf.DUMMYFUNCTION("IFNA(VLOOKUP(IFNA(REGEXEXTRACT(F3, ""(Пасхи|50-ці|посту)""),""""),lists!$A$39:$B$41,2,FALSE),"""")"),"") | O3: =IFERROR(__xludf.DUMMYFUNCTION("IFNA(REGEXEXTRACT(F3, ""\d{1,2}""),"""")"),"") | P3: =AND(OR(I3="",J3="",L3=""),H3="") -> FALSE
A4: Ів. 3 зач.; 1, 29-34. | B4: =LEFT(A4,FIND(".",A4)) -> Ів. | C4: iv | D4: =MID(A4,FIND(".",A4)+2,FIND(" ",RIGHT(A4,LEN(A4)-FIND(".",A4)-1))-1) -> 3 | F4: Другого дня Богоявлення на Літургії | H4: * | M4: =IFNA( VLOOKUP(LEFT(F4, IFERROR(FIND(" ", F4, 1),1) - 1), lists!$A$31:$B$37, 2, FALSE),"") | N4: =IFERROR(__xludf.DUMMYFUNCTION("IFNA(VLOOKUP(IFNA(REGEXEXTRACT(F4, ""(Пасхи|50-ці|посту)""),""""),lists!$A$39:$B$41,2,FALSE),"""")"),"") | O4: =IFERROR(__xludf.DUMMYFUNCTION("IFNA(REGEXEXTRACT(F4, ""\d{1,2}""),"""")"),"") | P4: =AND(OR(I4="",J4="",L4=""),H4="") -> FALSE
A5: Ів. 4 зач.; 1, 35-51. | B5: =LEFT(A5,FIND(".",A5)) -> Ів. | C5: iv | D5: =MID(A5,FIND(".",A5)+2,FIND(" ",RIGHT(A5,LEN(A5)-FIND(".",A5)-1))-1) -> 4 | F5: Середа світлого тижня. Це і апостолові Андрієві | H5: * | I5: pascha | J5: 1 | L5: 3 | M5: =IFNA( VLOOKUP(LEFT(F5, IFERROR(FIND(" ", F5, 1),1) - 1), lists!$A$31:$B$37, 2, FALSE),"") -> 3 | N5: =IFERROR(__xludf.DUMMYFUNCTION("IFNA(VLOOKUP(IFNA(REGEXEXTRACT(F5, ""(Пасхи|50-ці|посту)""),""""),lists!$A$39:$B$41,2,FALSE),"""")"),"") | O5: =IFERROR(__xludf.DUMMYFUNCTION("IFNA(REGEXEXTRACT(F5, ""\d{1,2}""),"""")"),"") | P5: =AND(OR(I5="",J5="",L5=""),H5="") -> FALSE
A6: Ів. 5 зач.; 1, 43-51. | B6: =LEFT(A6,FIND(".",A6)) -> Ів. | C6: iv | D6: =MID(A6,FIND(".",A6)+2,FIND(" ",RIGHT(A6,LEN(A6)-FIND(".",A6)-1))-1) -> 5 | F6: Неділя 1-ша посту. Це ж і святому апостолові Филипові | H6: * | I6: lent | J6: 1 | L6: 7 | M6: =IFNA( VLOOKUP(LEFT(F6, IFERROR(FIND(" ", F6, 1),1) - 1), lists!$A$31:$B$37, 2, FALSE),"") -> 7 | N6: =IFERROR(__xludf.DUMMYFUNCTION("IFNA(VLOOKUP(IFNA(REGEXEXTRACT(F6, ""(Пасхи|50-ці|посту)""),""""),lists!$A$39:$B$41,2,FALSE),"""")"),"lent") -> lent | O6: =IFERROR(__xludf.DUMMYFUNCTION("IFNA(REGEXEXTRACT(F6, ""\d{1,2}""),"""")"),"1") -> 1 | P6: =AND(OR(I6="",J6="",L6=""),H6="") -> FALSE
A7: Ів. 6 зач.; 2, 1-11. | B7: =LEFT(A7,FIND(".",A7)) -> Ів. | C7: iv | D7: =MID(A7,FIND(".",A7)+2,FIND(" ",RIGHT(A7,LEN(A7)-FIND(".",A7)-1))-1) -> 6 | F7: Понеділок 2-го тижня | I7: pascha | J7: 2 | L7: 1 | M7: =IFNA( VLOOKUP(LEFT(F7, IFERROR(FIND(" ", F7, 1),1) - 1), lists!$A$31:$B$37, 2, FALSE),"") -> 1 | N7: =IFERROR(__xludf.DUMMYFUNCTION("IFNA(VLOOKUP(IFNA(REGEXEXTRACT(F7, ""(Пасхи|50-ці|посту)""),""""),lists!$A$39:$B$41,2,FALSE),"""")"),"") | O7: =IFERROR(__xludf.DUMMYFUNCTION("IFNA(REGEXEXTRACT(F7, ""\d{1,2}""),"""")"),"2") -> 2 | P7: =AND(OR(I7="",J7="",L7=""),H7="") -> FALSE
A8: Ів. 7 зач.; 2, 12-22. | B8: =LEFT(A8,FIND(".",A8)) -> Ів. | C8: iv | D8: =MID(A8,FIND(".",A8)+2,FIND(" ",RIGHT(A8,LEN(A8)-FIND(".",A8)-1))-1) -> 7 | F8: П'ятниця світлого тижня | I8: pascha | J8: 1 | L8: 5 | M8: =IFNA( VLOOKUP(LEFT(F8, IFERROR(FIND(" ", F8, 1),1) - 1), lists!$A$31:$B$37, 2, FALSE),"") -> 5 | N8: =IFERROR(__xludf.DUMMYFUNCTION("IFNA(VLOOKUP(IFNA(REGEXEXTRACT(F8, ""(Пасхи|50-ці|посту)""),""""),lists!$A$39:$B$41,2,FALSE),"""")"),"") | O8: =IFERROR(__xludf.DUMMYFUNCTION("IFNA(REGEXEXTRACT(F8, ""\d{1,2}""),"""")"),"") | P8: =AND(OR(I8="",J8="",L8=""),H8="") -> FALSE
A9: Ів. 8 зач.; 3, 1-15. | B9: =LEFT(A9,FIND(".",A9)) -> Ів. | C9: iv | D9: =MID(A9,FIND(".",A9)+2,FIND(" ",RIGHT(A9,LEN(A9)-FIND(".",A9)-1))-1) -> 8 | F9: Четвер світлого тижня | I9: pascha | J9: 1 | L9: 4 | M9: =IFNA( VLOOKUP(LEFT(F9, IFERROR(FIND(" ", F9, 1),1) - 1), lists!$A$31:$B$37, 2, FALSE),"") -> 4 | N9: =IFERROR(__xludf.DUMMYFUNCTION("IFNA(VLOOKUP(IFNA(REGEXEXTRACT(F9, ""(Пасхи|50-ці|посту)""),""""),lists!$A$39:$B$41,2,FALSE),"""")"),"") | O9: =IFERROR(__xludf.DUMMYFUNCTION("IFNA(REGEXEXTRACT(F9, ""\d{1,2}""),"""")"),"") | P9: =AND(OR(I9="",J9="",L9=""),H9="") -> FALSE
A10: Ів. 9 зач.; 3, 13-17. | B10: =LEFT(A10,FIND(".",A10)) -> Ів. | C10: iv | D10: =MID(A10,FIND(".",A10)+2,FIND(" ",RIGHT(A10,LEN(A10)-FIND(".",A10)-1))-1) -> 9 | F10: Неділя перед Воздвиженням, Христа Людинолюбця | H10: * | L10: 7 | M10: =IFNA( VLOOKUP(LEFT(F10, IFERROR(FIND(" ", F10, 1),1) - 1), lists!$A$31:$B$37, 2, FALSE),"") -> 7 | N10: =IFERROR(__xludf.DUMMYFUNCTION("IFNA(VLOOKUP(IFNA(REGEXEXTRACT(F10, ""(Пасхи|50-ці|посту)""),""""),lists!$A$39:$B$41,2,FALSE),"""")"),"") | O10: =IFERROR(__xludf.DUMMYFUNCTION("IFNA(REGEXEXTRACT(F10, ""\d{1,2}""),"""")"),"") | P10: =AND(OR(I10="",J10="",L10=""),H10="") -> FALSE
A11: Ів. 10 зач.; 3, 16-21. | B11: =LEFT(A11,FIND(".",A11)) -> Ів. | C11: iv | D11: =MID(A11,FIND(".",A11)+2,FIND(" ",RIGHT(A11,LEN(A11)-FIND(".",A11)-1))-1) -> 10 | F11: Вівторок 2-го тижня | I11: pascha | J11: 2 | L11: 2 | M11: =IFNA( VLOOKUP(LEFT(F11, IFERROR(FIND(" ", F11, 1),1) - 1), lists!$A$31:$B$37, 2, FALSE),"") -> 2 | N11: =IFERROR(__xludf.DUMMYFUNCTION("IFNA(VLOOKUP(IFNA(REGEXEXTRACT(F11, ""(Пасхи|50-ці|посту)""),""""),lists!$A$39:$B$41,2,FALSE),"""")"),"") | O11: =IFERROR(__xludf.DUMMYFUNCTION("IFNA(REGEXEXTRACT(F11, ""\d{1,2}""),"""")"),"2") -> 2 | P11: =AND(OR(I11="",J11="",L11=""),H11="") -> FALSE
A12: Ів. 11 зач.; 3, 22-33. | B12: =LEFT(A12,FIND(".",A12)) -> Ів. | C12: iv | D12: =MID(A12,FIND(".",A12)+2,FIND(" ",RIGHT(A12,LEN(A12)-FIND(".",A12)-1))-1) -> 11 | F12: Субота світлого тижня | I12: pascha | J12: 1 | L12: 6 | M12: =IFNA( VLOOKUP(LEFT(F12, IFERROR(FIND(" ", F12, 1),1) - 1), lists!$A$31:$B$37, 2, FALSE),"") -> 6 | N12: =IFERROR(__xludf.DUMMYFUNCTION("IFNA(VLOOKUP(IFNA(REGEXEXTRACT(F12, ""(Пасхи|50-ці|посту)""),""""),lists!$A$39:$B$41,2,FALSE),"""")"),"") | O12: =IFERROR(__xludf.DUMMYFUNCTION("IFNA(REGEXEXTRACT(F12, ""\d{1,2}""),"""")"),"") | P12: =AND(OR(I12="",J12="",L12=""),H12="") -> FALSE
A13: Ів. 12 зач.; 4, 5-42. | B13: =LEFT(A13,FIND(".",A13)) -> Ів. | C13: iv | D13: =MID(A13,FIND(".",A13)+2,FIND(" ",RIGHT(A13,LEN(A13)-FIND(".",A13)-1))-1) -> 12 | F13: Неділя 5-та після Пасхи, про самарянку | I13: pascha | J13: 5 | L13: 7 | M13: =IFNA( VLOOKUP(LEFT(F13, IFERROR(FIND(" ", F13, 1),1) - 1), lists!$A$31:$B$37, 2, FALSE),"") -> 7 | N13: =IFERROR(__xludf.DUMMYFUNCTION("IFNA(VLOOKUP(IFNA(REGEXEXTRACT(F13, ""(Пасхи|50-ці|посту)""),""""),lists!$A$39:$B$41,2,FALSE),"""")"),"pascha") -> pascha | O13: =IFERROR(__xludf.DUMMYFUNCTION("IFNA(REGEXEXTRACT(F13, ""\d{1,2}""),"""")"),"5") -> 5 | P13: =AND(OR(I13="",J13="",L13=""),H13="") -> FALSE
A14: Ів. 13 зач.; 4, 46-54. | B14: =LEFT(A14,FIND(".",A14)) -> Ів. | C14: iv | D14: =MID(A14,FIND(".",A14)+2,FIND(" ",RIGHT(A14,LEN(A14)-FIND(".",A14)-1))-1) -> 13 | F14: Понеділок 3-го тижня | I14: pascha | J14: 3 | L14: 1 | M14: =IFNA( VLOOKUP(LEFT(F14, IFERROR(FIND(" ", F14, 1),1) - 1), lists!$A$31:$B$37, 2, FALSE),"") -> 1 | N14: =IFERROR(__xludf.DUMMYFUNCTION("IFNA(VLOOKUP(IFNA(REGEXEXTRACT(F14, ""(Пасхи|50-ці|посту)""),""""),lists!$A$39:$B$41,2,FALSE),"""")"),"") | O14: =IFERROR(__xludf.DUMMYFUNCTION("IFNA(REGEXEXTRACT(F14, ""\d{1,2}""),"""")"),"3") -> 3 | P14: =AND(OR(I14="",J14="",L14=""),H14="") -> FALSE
A15: Ів. 14 зач.; 5, 1-15. | B15: =LEFT(A15,FIND(".",A15)) -> Ів. | C15: iv | D15: =MID(A15,FIND(".",A15)+2,FIND(" ",RIGHT(A15,LEN(A15)-FIND(".",A15)-1))-1) -> 14 | E15: a | F15: Неділя 4-та, про розслабленого | I15: pascha | J15: 4 | L15: 7 | M15: =IFNA( VLOOKUP(LEFT(F15, IFERROR(FIND(" ", F15, 1),1) - 1), lists!$A$31:$B$37, 2, FALSE),"") -> 7 | N15: =IFERROR(__xludf.DUMMYFUNCTION("IFNA(VLOOKUP(IFNA(REGEXEXTRACT(F15, ""(Пасхи|50-ці|посту)""),""""),lists!$A$39:$B$41,2,FALSE),"""")"),"") | O15: =IFERROR(__xludf.DUMMYFUNCTION("IFNA(REGEXEXTRACT(F15, ""\d{1,2}""),"""")"),"4") -> 4 | P15: =AND(OR(I15="",J15="",L15=""),H15="") -> FALSE
A16: Ів. 14 зач.; 5, 1-4. | B16: =LEFT(A16,FIND(".",A16)) -> Ів. | C16: iv | D16: =MID(A16,FIND(".",A16)+2,FIND(" ",RIGHT(A16,LEN(A16)-FIND(".",A16)-1))-1) -> 14 | E16: b | F16: На освячення води | H16: * | M16: =IFNA( VLOOKUP(LEFT(F16, IFERROR(FIND(" ", F16, 1),1) - 1), lists!$A$31:$B$37, 2, FALSE),"") | N16: =IFERROR(__xludf.DUMMYFUNCTION("IFNA(VLOOKUP(IFNA(REGEXEXTRACT(F16, ""(Пасхи|50-ці|посту)""),""""),lists!$A$39:$B$41,2,FALSE),"""")"),"") | O16: =IFERROR(__xludf.DUMMYFUNCTION("IFNA(REGEXEXTRACT(F16, ""\d{1,2}""),"""")"),"") | P16: =AND(OR(I16="",J16="",L16=""),H16="") -> FALSE
A17: Ів. 15 зач.; 5, 17-24. | B17: =LEFT(A17,FIND(".",A17)) -> Ів. | C17: iv | D17: =MID(A17,FIND(".",A17)+2,FIND(" ",RIGHT(A17,LEN(A17)-FIND(".",A17)-1))-1) -> 15 | F17: Середа 2-го тижня. Це ж і мертвим в понеділок | H17: * | I17: pascha | J17: 2 | L17: 3 | M17: =IFNA( VLOOKUP(LEFT(F17, IFERROR(FIND(" ", F17, 1),1) - 1), lists!$A$31:$B$37, 2, FALSE),"") -> 3 | N17: =IFERROR(__xludf.DUMMYFUNCTION("IFNA(VLOOKUP(IFNA(REGEXEXTRACT(F17, ""(Пасхи|50-ці|посту)""),""""),lists!$A$39:$B$41,2,FALSE),"""")"),"") | O17: =IFERROR(__xludf.DUMMYFUNCTION("IFNA(REGEXEXTRACT(F17, ""\d{1,2}""),"""")"),"2") -> 2 | P17: =AND(OR(I17="",J17="",L17=""),H17="") -> FALSE
A18: Ів. 16 зач.; 5, 24-30. | B18: =LEFT(A18,FIND(".",A18)) -> Ів. | C18: iv | D18: =MID(A18,FIND(".",A18)+2,FIND(" ",RIGHT(A18,LEN(A18)-FIND(".",A18)-1))-1) -> 16 | F18: Четвер 2-го тижня. Це ж і мертвим у вівторок і в суботу. | H18: * | I18: pascha | J18: 2 | L18: 4 | M18: =IFNA( VLOOKUP(LEFT(F18, IFERROR(FIND(" ", F18, 1),1) - 1), lists!$A$31:$B$37, 2, FALSE),"") -> 4 | N18: =IFERROR(__xludf.DUMMYFUNCTION("IFNA(VLOOKUP(IFNA(REGEXEXTRACT(F18, ""(Пасхи|50-ці|посту)""),""""),lists!$A$39:$B$41,2,FALSE),"""")"),"") | O18: =IFERROR(__xludf.DUMMYFUNCTION("IFNA(REGEXEXTRACT(F18, ""\d{1,2}""),"""")"),"2") -> 2 | P18: =AND(OR(I18="",J18="",L18=""),H18="") -> FALSE
A19: Ів. 17 зач.; 5, 30 – 6, 2. | B19: =LEFT(A19,FIND(".",A19)) -> Ів. | C19: iv | D19: =MID(A19,FIND(".",A19)+2,FIND(" ",RIGHT(A19,LEN(A19)-FIND(".",A19)-1))-1) -> 17 | F19: П'ятниця 2-го тижня | I19: pascha | J19: 2 | L19: 5 | M19: =IFNA( VLOOKUP(LEFT(F19, IFERROR(FIND(" ", F19, 1),1) - 1), lists!$A$31:$B$37, 2, FALSE),"") -> 5 | N19: =IFERROR(__xludf.DUMMYFUNCTION("IFNA(VLOOKUP(IFNA(REGEXEXTRACT(F19, ""(Пасхи|50-ці|посту)""),""""),lists!$A$39:$B$41,2,FALSE),"""")"),"") | O19: =IFERROR(__xludf.DUMMYFUNCTION("IFNA(REGEXEXTRACT(F19, ""\d{1,2}""),"""")"),"2") -> 2 | P19: =AND(OR(I19="",J19="",L19=""),H19="") -> FALSE
A20: Ів. 18 зач.; 6, 5-14. | B20: =LEFT(A20,FIND(".",A20)) -> Ів. | C20: iv | D20: =MID(A20,FIND(".",A20)+2,FIND(" ",RIGHT(A20,LEN(A20)-FIND(".",A20)-1))-1) -> 18 | F20: Середа 5-го тижня | I20: pascha | J20: 5 | L20: 3 | M20: =IFNA( VLOOKUP(LEFT(F20, IFERROR(FIND(" ", F20, 1),1) - 1), lists!$A$31:$B$37, 2, FALSE),"") -> 3 | N20: =IFERROR(__xludf.DUMMYFUNCTION("IFNA(VLOOKUP(IFNA(REGEXEXTRACT(F20, ""(Пасхи|50-ці|посту)""),""""),lists!$A$39:$B$41,2,FALSE),"""")"),"") | O20: =IFERROR(__xludf.DUMMYFUNCTION("IFNA(REGEXEXTRACT(F20, ""\d{1,2}""),"""")"),"5") -> 5 | P20: =AND(OR(I20="",J20="",L20=""),H20="") -> FALSE
A21: Ів. 19 зач.; 6, 14-27. | B21: =LEFT(A21,FIND(".",A21)) -> Ів. | C21: iv | D21: =MID(A21,FIND(".",A21)+2,FIND(" ",RIGHT(A21,LEN(A21)-FIND(".",A21)-1))-1) -> 19 | F21: Субота 2-га після Пасхи | I21: pascha | J21: 2 | L21: 6 | M21: =IFNA( VLOOKUP(LEFT(F21, IFERROR(FIND(" ", F21, 1),1) - 1), lists!$A$31:$B$37, 2, FALSE),"") -> 6 | N21: =IFERROR(__xludf.DUMMYFUNCTION("IFNA(VLOOKUP(IFNA(REGEXEXTRACT(F21, ""(Пасхи|50-ці|посту)""),""""),lists!$A$39:$B$41,2,FALSE),"""")"),"pascha") -> pascha | O21: =IFERROR(__xludf.DUMMYFUNCTION("IFNA(REGEXEXTRACT(F21, ""\d{1,2}""),"""")"),"2") -> 2 | P21: =AND(OR(I21="",J21="",L21=""),H21="") -> FALSE
A22: Ів. 20 зач.; 6, 27-33. | B22: =LEFT(A22,FIND(".",A22)) -> Ів. | C22: iv | D22: =MID(A22,FIND(".",A22)+2,FIND(" ",RIGHT(A22,LEN(A22)-FIND(".",A22)-1))-1) -> 20 | F22: Вівторок 3-го тижня | I22: pascha | J22: 3 | L22: 2 | M22: =IFNA( VLOOKUP(LEFT(F22, IFERROR(FIND(" ", F22, 1),1) - 1), lists!$A$31:$B$37, 2, FALSE),"") -> 2 | N22: =IFERROR(__xludf.DUMMYFUNCTION("IFNA(VLOOKUP(IFNA(REGEXEXTRACT(F22, ""(Пасхи|50-ці|посту)""),""""),lists!$A$39:$B$41,2,FALSE),"""")"),"") | O22: =IFERROR(__xludf.DUMMYFUNCTION("IFNA(REGEXEXTRACT(F22, ""\d{1,2}""),"""")"),"3") -> 3 | P22: =AND(OR(I22="",J22="",L22=""),H22="") -> FALSE
A23: Ів. 21 зач.; 6, 35-39. | B23: =LEFT(A23,FIND(".",A23)) -> Ів. | C23: iv | D23: =MID(A23,FIND(".",A23)+2,FIND(" ",RIGHT(A23,LEN(A23)-FIND(".",A23)-1))-1) -> 21 | F23: Середа 3-го тижня. Це і мертвим у середу | H23: * | I23: pascha | J23: 3 | L23: 3 | M23: =IFNA( VLOOKUP(LEFT(F23, IFERROR(FIND(" ", F23, 1),1) - 1), lists!$A$31:$B$37, 2, FALSE),"") -> 3 | N23: =IFERROR(__xludf.DUMMYFUNCTION("IFNA(VLOOKUP(IFNA(REGEXEXTRACT(F23, ""(Пасхи|50-ці|посту)""),""""),lists!$A$39:$B$41,2,FALSE),"""")"),"") | O23: =IFERROR(__xludf.DUMMYFUNCTION("IFNA(REGEXEXTRACT(F23, ""\d{1,2}""),"""")"),"3") -> 3 | P23: =AND(OR(I23="",J23="",L23=""),H23="") -> FALSE
A24: Ів. 22 зач.; 6, 40-44. | B24: =LEFT(A24,FIND(".",A24)) -> Ів. | C24: iv | D24: =MID(A24,FIND(".",A24)+2,FIND(" ",RIGHT(A24,LEN(A24)-FIND(".",A24)-1))-1) -> 22 | F24: Четвер 3-го тижня | I24: pascha | J24: 3 | L24: 4 | M24: =IFNA( VLOOKUP(LEFT(F24, IFERROR(FIND(" ", F24, 1),1) - 1), lists!$A$31:$B$37, 2, FALSE),"") -> 4 | N24: =IFERROR(__xludf.DUMMYFUNCTION("IFNA(VLOOKUP(IFNA(REGEXEXTRACT(F24, ""(Пасхи|50-ці|посту)""),""""),lists!$A$39:$B$41,2,FALSE),"""")"),"") | O24: =IFERROR(__xludf.DUMMYFUNCTION("IFNA(REGEXEXTRACT(F24, ""\d{1,2}""),"""")"),"3") -> 3 | P24: =AND(OR(I24="",J24="",L24=""),H24="") -> FALSE
A25: Ів. 23 зач.; 6, 48-54. | B25: =LEFT(A25,FIND(".",A25)) -> Ів. | C25: iv | D25: =MID(A25,FIND(".",A25)+2,FIND(" ",RIGHT(A25,LEN(A25)-FIND(".",A25)-1))-1) -> 23 | F25: П'ятниця 3-го тижня. Також на Пресвятої Євхаристії на Літургії. | I25: pascha | J25: 3 | L25: 5 | M25: =IFNA( VLOOKUP(LEFT(F25, IFERROR(FIND(" ", F25, 1),1) - 1), lists!$A$31:$B$37, 2, FALSE),"") -> 5 | N25: =IFERROR(__xludf.DUMMYFUNCTION("IFNA(VLOOKUP(IFNA(REGEXEXTRACT(F25, ""(Пасхи|50-ці|посту)""),""""),lists!$A$39:$B$41,2,FALSE),"""")"),"") | O25: =IFERROR(__xludf.DUMMYFUNCTION("IFNA(REGEXEXTRACT(F25, ""\d{1,2}""),"""")"),"3") -> 3 | P25: =AND(OR(I25="",J25="",L25=""),H25="") -> FALSE
A26: Ів. 24 зач.; 6, 55-58. | B26: =LEFT(A26,FIND(".",A26)) -> Ів. | C26: iv | D26: =MID(A26,FIND(".",A26)+2,FIND(" ",RIGHT(A26,LEN(A26)-FIND(".",A26)-1))-1) -> 24 | E26: a | F26: На Пресвятої Євхаристії на Утрені.
A27: Ів. 24 зач.; 6, 56-69. | B27: =LEFT(A27,FIND(".",A27)) -> Ів. | C27: iv | D27: =MID(A27,FIND(".",A27)+2,FIND(" ",RIGHT(A27,LEN(A27)-FIND(".",A27)-1))-1) -> 24 | E27: b | F27: Понеділок 4-го тижня | I27: pascha | J27: 4 | L27: 1 | M27: =IFNA( VLOOKUP(LEFT(F27, IFERROR(FIND(" ", F27, 1),1) - 1), lists!$A$31:$B$37, 2, FALSE),"") -> 1 | N27: =IFERROR(__xludf.DUMMYFUNCTION("IFNA(VLOOKUP(IFNA(REGEXEXTRACT(F27, ""(Пасхи|50-ці|посту)""),""""),lists!$A$39:$B$41,2,FALSE),"""")"),"") | O27: =IFERROR(__xludf.DUMMYFUNCTION("IFNA(REGEXEXTRACT(F27, ""\d{1,2}""),"""")"),"4") -> 4 | P27: =AND(OR(I27="",J27="",L27=""),H27="") -> FALSE
A28: Ів. 25 зач.; 7, 1-13. | B28: =LEFT(A28,FIND(".",A28)) -> Ів. | C28: iv | D28: =MID(A28,FIND(".",A28)+2,FIND(" ",RIGHT(A28,LEN(A28)-FIND(".",A28)-1))-1) -> 25 | F28: Вівторок 4-го тижня | I28: pascha | J28: 4 | L28: 2 | M28: =IFNA( VLOOKUP(LEFT(F28, IFERROR(FIND(" ", F28, 1),1) - 1), lists!$A$31:$B$37, 2, FALSE),"") -> 2 | N28: =IFERROR(__xludf.DUMMYFUNCTION("IFNA(VLOOKUP(IFNA(REGEXEXTRACT(F28, ""(Пасхи|50-ці|посту)""),""""),lists!$A$39:$B$41,2,FALSE),"""")"),"") | O28: =IFERROR(__xludf.DUMMYFUNCTION("IFNA(REGEXEXTRACT(F28, ""\d{1,2}""),"""")"),"4") -> 4 | P28: =AND(OR(I28="",J28="",L28=""),H28="") -> FALSE
A29: Ів. 26 зач.; 7, 14-30. | B29: =LEFT(A29,FIND(".",A29)) -> Ів. | C29: iv | D29: =MID(A29,FIND(".",A29)+2,FIND(" ",RIGHT(A29,LEN(A29)-FIND(".",A29)-1))-1) -> 26 | F29: Середа 4-го тижня | I29: pascha | J29: 4 | L29: 3 | M29: =IFNA( VLOOKUP(LEFT(F29, IFERROR(FIND(" ", F29, 1),1) - 1), lists!$A$31:$B$37, 2, FALSE),"") -> 3 | N29: =IFERROR(__xludf.DUMMYFUNCTION("IFNA(VLOOKUP(IFNA(REGEXEXTRACT(F29, ""(Пасхи|50-ці|посту)""),""""),lists!$A$39:$B$41,2,FALSE),"""")"),"") | O29: =IFERROR(__xludf.DUMMYFUNCTION("IFNA(REGEXEXTRACT(F29, ""\d{1,2}""),"""")"),"4") -> 4 | P29: =AND(OR(I29="",J29="",L29=""),H29="") -> FALSE
A30: Ів. 27 зач.; 7, 37-52; 8, 12. | B30: =LEFT(A30,FIND(".",A30)) -> Ів. | C30: iv | D30: =MID(A30,FIND(".",A30)+2,FIND(" ",RIGHT(A30,LEN(A30)-FIND(".",A30)-1))-1) -> 27 | F30: Неділя 8-ма, П'ятидесятниця | H30: liturgy | I30: pascha | J30: 7 | L30: 7 | M30: =IFNA( VLOOKUP(LEFT(F30, IFERROR(FIND(" ", F30, 1),1) - 1), lists!$A$31:$B$37, 2, FALSE),"") -> 7 | N30: =IFERROR(__xludf.DUMMYFUNCTION("IFNA(VLOOKUP(IFNA(REGEXEXTRACT(F30, ""(Пасхи|50-ці|посту)""),""""),lists!$A$39:$B$41,2,FALSE),"""")"),"") | O30: =IFERROR(__xludf.DUMMYFUNCTION("IFNA(REGEXEXTRACT(F30, ""\d{1,2}""),"""")"),"8") -> 8 | P30: =AND(OR(I30="",J30="",L30=""),H30="") -> FALSE
A31: Ів. 28 зач.; 8, 3-11. | B31: =LEFT(A31,FIND(".",A31)) -> Ів. | C31: iv | D31: =MID(A31,FIND(".",A31)+2,FIND(" ",RIGHT(A31,LEN(A31)-FIND(".",A31)-1))-1) -> 28 | F31: Святим жінкам | H31: * | I31: pascha | M31: =IFNA( VLOOKUP(LEFT(F31, IFERROR(FIND(" ", F31, 1),1) - 1), lists!$A$31:$B$37, 2, FALSE),"") | N31: =IFERROR(__xludf.DUMMYFUNCTION("IFNA(VLOOKUP(IFNA(REGEXEXTRACT(F31, ""(Пасхи|50-ці|посту)""),""""),lists!$A$39:$B$41,2,FALSE),"""")"),"") | O31: =IFERROR(__xludf.DUMMYFUNCTION("IFNA(REGEXEXTRACT(F31, ""\d{1,2}""),"""")"),"") | P31: =AND(OR(I31="",J31="",L31=""),H31="") -> FALSE
A32: Ів. 29 зач.; 8, 12-20. | B32: =LEFT(A32,FIND(".",A32)) -> Ів. | C32: iv | D32: =MID(A32,FIND(".",A32)+2,FIND(" ",RIGHT(A32,LEN(A32)-FIND(".",A32)-1))-1) -> 29 | F32: Четвер 4-го тижня | I32: pascha | J32: 4 | L32: 4 | M32: =IFNA( VLOOKUP(LEFT(F32, IFERROR(FIND(" ", F32, 1),1) - 1), lists!$A$31:$B$37, 2, FALSE),"") -> 4 | N32: =IFERROR(__xludf.DUMMYFUNCTION("IFNA(VLOOKUP(IFNA(REGEXEXTRACT(F32, ""(Пасхи|50-ці|посту)""),""""),lists!$A$39:$B$41,2,FALSE),"""")"),"") | O32: =IFERROR(__xludf.DUMMYFUNCTION("IFNA(REGEXEXTRACT(F32, ""\d{1,2}""),"""")"),"4") -> 4 | P32: =AND(OR(I32="",J32="",L32=""),H32="") -> FALSE
A33: Ів. 30 зач.; 8, 21-30. | B33: =LEFT(A33,FIND(".",A33)) -> Ів. | C33: iv | D33: =MID(A33,FIND(".",A33)+2,FIND(" ",RIGHT(A33,LEN(A33)-FIND(".",A33)-1))-1) -> 30 | F33: П'ятниця 4-го тижня. Це ж і в суботу після Воздвиження | I33: pascha | J33: 4 | L33: 5 | M33: =IFNA( VLOOKUP(LEFT(F33, IFERROR(FIND(" ", F33, 1),1) - 1), lists!$A$31:$B$37, 2, FALSE),"") -> 5 | N33: =IFERROR(__xludf.DUMMYFUNCTION("IFNA(VLOOKUP(IFNA(REGEXEXTRACT(F33, ""(Пасхи|50-ці|посту)""),""""),lists!$A$39:$B$41,2,FALSE),"""")"),"") | O33: =IFERROR(__xludf.DUMMYFUNCTION("IFNA(REGEXEXTRACT(F33, ""\d{1,2}""),"""")"),"4") -> 4 | P33: =AND(OR(I33="",J33="",L33=""),H33="") -> FALSE
A34: Ів. 31 зач.; 8, 31-42. | B34: =LEFT(A34,FIND(".",A34)) -> Ів. | C34: iv | D34: =MID(A34,FIND(".",A34)+2,FIND(" ",RIGHT(A34,LEN(A34)-FIND(".",A34)-1))-1) -> 31 | F34: Субота 4-го тижня | I34: pascha | J34: 4 | L34: 6 | M34: =IFNA( VLOOKUP(LEFT(F34, IFERROR(FIND(" ", F34, 1),1) - 1), lists!$A$31:$B$37, 2, FALSE),"") -> 6 | N34: =IFERROR(__xludf.DUMMYFUNCTION("IFNA(VLOOKUP(IFNA(REGEXEXTRACT(F34, ""(Пасхи|50-ці|посту)""),""""),lists!$A$39:$B$41,2,FALSE),"""")"),"") | O34: =IFERROR(__xludf.DUMMYFUNCTION("IFNA(REGEXEXTRACT(F34, ""\d{1,2}""),"""")"),"4") -> 4 | P34: =AND(OR(I34="",J34="",L34=""),H34="") -> FALSE
A35: Ів. 32 зач.; 8, 42-51. | B35: =LEFT(A35,FIND(".",A35)) -> Ів. | C35: iv | D35: =MID(A35,FIND(".",A35)+2,FIND(" ",RIGHT(A35,LEN(A35)-FIND(".",A35)-1))-1) -> 32 | F35: Понеділок 5-го тижня | I35: pascha | J35: 5 | L35: 1 | M35: =IFNA( VLOOKUP(LEFT(F35, IFERROR(FIND(" ", F35, 1),1) - 1), lists!$A$31:$B$37, 2, FALSE),"") -> 1 | N35: =IFERROR(__xludf.DUMMYFUNCTION("IFNA(VLOOKUP(IFNA(REGEXEXTRACT(F35, ""(Пасхи|50-ці|посту)""),""""),lists!$A$39:$B$41,2,FALSE),"""")"),"") | O35: =IFERROR(__xludf.DUMMYFUNCTION("IFNA(REGEXEXTRACT(F35, ""\d{1,2}""),"""")"),"5") -> 5 | P35: =AND(OR(I35="",J35="",L35=""),H35="") -> FALSE
A36: Ів. 33 зач.; 8, 51-59. | B36: =LEFT(A36,FIND(".",A36)) -> Ів. | C36: iv | D36: =MID(A36,FIND(".",A36)+2,FIND(" ",RIGHT(A36,LEN(A36)-FIND(".",A36)-1))-1) -> 33 | F36: Вівторок 5-го тижня | I36: pascha | J36: 5 | L36: 2 | M36: =IFNA( VLOOKUP(LEFT(F36, IFERROR(FIND(" ", F36, 1),1) - 1), lists!$A$31:$B$37, 2, FALSE),"") -> 2 | N36: =IFERROR(__xludf.DUMMYFUNCTION("IFNA(VLOOKUP(IFNA(REGEXEXTRACT(F36, ""(Пасхи|50-ці|посту)""),""""),lists!$A$39:$B$41,2,FALSE),"""")"),"") | O36: =IFERROR(__xludf.DUMMYFUNCTION("IFNA(REGEXEXTRACT(F36, ""\d{1,2}""),"""")"),"5") -> 5 | P36: =AND(OR(I36="",J36="",L36=""),H36="") -> FALSE
A37: Ів. 34 зач.; 9, 1-38. | B37: =LEFT(A37,FIND(".",A37)) -> Ів. | C37: iv | D37: =MID(A37,FIND(".",A37)+2,FIND(" ",RIGHT(A37,LEN(A37)-FIND(".",A37)-1))-1) -> 34 | F37: Неділя 6-та, про сліпородженого | I37: pascha | J37: 5 | L37: 7 | M37: =IFNA( VLOOKUP(LEFT(F37, IFERROR(FIND(" ", F37, 1),1) - 1), lists!$A$31:$B$37, 2, FALSE),"") -> 7 | N37: =IFERROR(__xludf.DUMMYFUNCTION("IFNA(VLOOKUP(IFNA(REGEXEXTRACT(F37, ""(Пасхи|50-ці|посту)""),""""),lists!$A$39:$B$41,2,FALSE),"""")"),"") | O37: =IFERROR(__xludf.DUMMYFUNCTION("IFNA(REGEXEXTRACT(F37, ""\d{1,2}""),"""")"),"6") -> 6 | P37: =AND(OR(I37="",J37="",L37=""),H37="") -> FALSE
A38: Ів. 35 зач.; 9, 39 – 10, 9. | B38: =LEFT(A38,FIND(".",A38)) -> Ів. | C38: iv | D38: =MID(A38,FIND(".",A38)+2,FIND(" ",RIGHT(A38,LEN(A38)-FIND(".",A38)-1))-1) -> 35 | E38: a | F38: Четвер 5-го тижня | I38: pascha | J38: 5 | L38: 4 | M38: =IFNA( VLOOKUP(LEFT(F38, IFERROR(FIND(" ", F38, 1),1) - 1), lists!$A$31:$B$37, 2, FALSE),"") -> 4 | N38: =IFERROR(__xludf.DUMMYFUNCTION("IFNA(VLOOKUP(IFNA(REGEXEXTRACT(F38, ""(Пасхи|50-ці|посту)""),""""),lists!$A$39:$B$41,2,FALSE),"""")"),"") | O38: =IFERROR(__xludf.DUMMYFUNCTION("IFNA(REGEXEXTRACT(F38, ""\d{1,2}""),"""")"),"5") -> 5 | P38: =AND(OR(I38="",J38="",L38=""),H38="") -> FALSE
A39: Ів. 35 зач.; 10, 1-9. | B39: =LEFT(A39,FIND(".",A39)) -> Ів. | C39: iv | D39: =MID(A39,FIND(".",A39)+2,FIND(" ",RIGHT(A39,LEN(A39)-FIND(".",A39)-1))-1) -> 35 | E39: b | F39: Святителям на Утрені | H39: * | M39: =IFNA( VLOOKUP(LEFT(F39, IFERROR(FIND(" ", F39, 1),1) - 1), lists!$A$31:$B$37, 2, FALSE),"") | N39: =IFERROR(__xludf.DUMMYFUNCTION("IFNA(VLOOKUP(IFNA(REGEXEXTRACT(F39, ""(Пасхи|50-ці|посту)""),""""),lists!$A$39:$B$41,2,FALSE),"""")"),"") | O39: =IFERROR(__xludf.DUMMYFUNCTION("IFNA(REGEXEXTRACT(F39, ""\d{1,2}""),"""")"),"") | P39: =AND(OR(I39="",J39="",L39=""),H39="") -> FALSE
A40: Ів. 36 зач.; 10, 9-16. | B40: =LEFT(A40,FIND(".",A40)) -> Ів. | C40: iv | D40: =MID(A40,FIND(".",A40)+2,FIND(" ",RIGHT(A40,LEN(A40)-FIND(".",A40)-1))-1) -> 36 | F40: Святителям на Літургії або на Утрені | H40: * | M40: =IFNA( VLOOKUP(LEFT(F40, IFERROR(FIND(" ", F40, 1),1) - 1), lists!$A$31:$B$37, 2, FALSE),"") | N40: =IFERROR(__xludf.DUMMYFUNCTION("IFNA(VLOOKUP(IFNA(REGEXEXTRACT(F40, ""(Пасхи|50-ці|посту)""),""""),lists!$A$39:$B$41,2,FALSE),"""")"),"") | O40: =IFERROR(__xludf.DUMMYFUNCTION("IFNA(REGEXEXTRACT(F40, ""\d{1,2}""),"""")"),"") | P40: =AND(OR(I40="",J40="",L40=""),H40="") -> FALSE
A41: Ів. 37 зач.; 10, 17-28. | B41: =LEFT(A41,FIND(".",A41)) -> Ів. | C41: iv | D41: =MID(A41,FIND(".",A41)+2,FIND(" ",RIGHT(A41,LEN(A41)-FIND(".",A41)-1))-1) -> 37 | E41: a | F41: П'ятниця 5-го тижня | H41: * | M41: =IFNA( VLOOKUP(LEFT(G42, IFERROR(FIND(" ", G42, 1),1) - 1), lists!$A$31:$B$37, 2, FALSE),"") | N41: =IFERROR(__xludf.DUMMYFUNCTION("IFNA(VLOOKUP(IFNA(REGEXEXTRACT(G42, ""(Пасхи|50-ці|посту)""),""""),lists!$A$39:$B$41,2,FALSE),"""")"),"") | O41: =IFERROR(__xludf.DUMMYFUNCTION("IFNA(REGEXEXTRACT(G42, ""\d{1,2}""),"""")"),"") | P41: =AND(OR(I41="",J41="",L41=""),H41="") -> FALSE
A42: Ів. 37 зач.; 10, 22-28. | B42: =LEFT(A42,FIND(".",A42)) -> Ів. | C42: iv | D42: =MID(A42,FIND(".",A42)+2,FIND(" ",RIGHT(A42,LEN(A42)-FIND(".",A42)-1))-1) -> 37 | E42: b | F42: На посвячення церкви | G42: На посвячення церкви | I42: pascha | J42: 5 | L42: 5 | M42: =IFNA( VLOOKUP(LEFT(F41, IFERROR(FIND(" ", F41, 1),1) - 1), lists!$A$31:$B$37, 2, FALSE),"") -> 5 | N42: =IFERROR(__xludf.DUMMYFUNCTION("IFNA(VLOOKUP(IFNA(REGEXEXTRACT(F41, ""(Пасхи|50-ці|посту)""),""""),lists!$A$39:$B$41,2,FALSE),"""")"),"") | O42: =IFERROR(__xludf.DUMMYFUNCTION("IFNA(REGEXEXTRACT(F41, ""\d{1,2}""),"""")"),"5") -> 5 | P42: =AND(OR(I42="",J42="",L42=""),H42="") -> FALSE
A43: Ів. 38 зач.; 10, 27-38. | B43: =LEFT(A43,FIND(".",A43)) -> Ів. | C43: iv | D43: =MID(A43,FIND(".",A43)+2,FIND(" ",RIGHT(A43,LEN(A43)-FIND(".",A43)-1))-1) -> 38 | F43: Субота 5-го тижня | G43: Вже є субота 5-го тижня з іншого Єв. | I43: pascha | J43: 5 | L43: 6 | M43: =IFNA( VLOOKUP(LEFT(F43, IFERROR(FIND(" ", F43, 1),1) - 1), lists!$A$31:$B$37, 2, FALSE),"") -> 6 | N43: =IFERROR(__xludf.DUMMYFUNCTION("IFNA(VLOOKUP(IFNA(REGEXEXTRACT(F43, ""(Пасхи|50-ці|посту)""),""""),lists!$A$39:$B$41,2,FALSE),"""")"),"") | O43: =IFERROR(__xludf.DUMMYFUNCTION("IFNA(REGEXEXTRACT(F43, ""\d{1,2}""),"""")"),"5") -> 5 | P43: =AND(OR(I43="",J43="",L43=""),H43="") -> FALSE
A44: Ів. 39 зач.; 11, 1-45. | B44: =LEFT(A44,FIND(".",A44)) -> Ів. | C44: iv | D44: =MID(A44,FIND(".",A44)+2,FIND(" ",RIGHT(A44,LEN(A44)-FIND(".",A44)-1))-1) -> 39 | F44: Лазарева субота | I44: lent | J44: 6 | L44: 6 | M44: =IFNA( VLOOKUP(LEFT(F44, IFERROR(FIND(" ", F44, 1),1) - 1), lists!$A$31:$B$37, 2, FALSE),"") | N44: =IFERROR(__xludf.DUMMYFUNCTION("IFNA(VLOOKUP(IFNA(REGEXEXTRACT(F44, ""(Пасхи|50-ці|посту)""),""""),lists!$A$39:$B$41,2,FALSE),"""")"),"") | O44: =IFERROR(__xludf.DUMMYFUNCTION("IFNA(REGEXEXTRACT(F44, ""\d{1,2}""),"""")"),"") | P44: =AND(OR(I44="",J44="",L44=""),H44="") -> FALSE
A45: Ів. 40 зач.; 11, 47-57. | B45: =LEFT(A45,FIND(".",A45)) -> Ів. | C45: iv | D45: =MID(A45,FIND(".",A45)+2,FIND(" ",RIGHT(A45,LEN(A45)-FIND(".",A45)-1))-1) -> 40 | F45: Понеділок 6-го тижня | I45: pascha | J45: 6 | L45: 1 | M45: =IFNA( VLOOKUP(LEFT(F45, IFERROR(FIND(" ", F45, 1),1) - 1), lists!$A$31:$B$37, 2, FALSE),"") -> 1 | N45: =IFERROR(__xludf.DUMMYFUNCTION("IFNA(VLOOKUP(IFNA(REGEXEXTRACT(F45, ""(Пасхи|50-ці|посту)""),""""),lists!$A$39:$B$41,2,FALSE),"""")"),"") | O45: =IFERROR(__xludf.DUMMYFUNCTION("IFNA(REGEXEXTRACT(F45, ""\d{1,2}""),"""")"),"6") -> 6 | P45: =AND(OR(I45="",J45="",L45=""),H45="") -> FALSE
A46: Ів. 41 зач.; 12, 1-18. | B46: =LEFT(A46,FIND(".",A46)) -> Ів. | C46: iv | D46: =MID(A46,FIND(".",A46)+2,FIND(" ",RIGHT(A46,LEN(A46)-FIND(".",A46)-1))-1) -> 41 | E46: a | F46: В квітну неділю на Літургії | I46: lent | J46: 6 | L46: 7 | M46: =IFNA( VLOOKUP(LEFT(F46, IFERROR(FIND(" ", F46, 1),1) - 1), lists!$A$31:$B$37, 2, FALSE),"") | N46: =IFERROR(__xludf.DUMMYFUNCTION("IFNA(VLOOKUP(IFNA(REGEXEXTRACT(F46, ""(Пасхи|50-ці|посту)""),""""),lists!$A$39:$B$41,2,FALSE),"""")"),"") | O46: =IFERROR(__xludf.DUMMYFUNCTION("IFNA(REGEXEXTRACT(F46, ""\d{1,2}""),"""")"),"") | P46: =AND(OR(I46="",J46="",L46=""),H46="") -> FALSE
A47: Ів. 41 зач.; 12, 17-50. | B47: =LEFT(A47,FIND(".",A47)) -> Ів. | C47: iv | D47: =MID(A47,FIND(".",A47)+2,FIND(" ",RIGHT(A47,LEN(A47)-FIND(".",A47)-1))-1) -> 41 | E47: b | F47: В святу й велику середу на Утрені | H47: * | M47: =IFNA( VLOOKUP(LEFT(F47, IFERROR(FIND(" ", F47, 1),1) - 1), lists!$A$31:$B$37, 2, FALSE),"") | N47: =IFERROR(__xludf.DUMMYFUNCTION("IFNA(VLOOKUP(IFNA(REGEXEXTRACT(F47, ""(Пасхи|50-ці|посту)""),""""),lists!$A$39:$B$41,2,FALSE),"""")"),"") | O47: =IFERROR(__xludf.DUMMYFUNCTION("IFNA(REGEXEXTRACT(F47, ""\d{1,2}""),"""")"),"") | P47: =AND(OR(I47="",J47="",L47=""),H47="") -> FALSE
A48: Ів. 42 зач.; 12, 19-36. | B48: =LEFT(A48,FIND(".",A48)) -> Ів. | C48: iv | D48: =MID(A48,FIND(".",A48)+2,FIND(" ",RIGHT(A48,LEN(A48)-FIND(".",A48)-1))-1) -> 42 | E48: a | F48: Вівторок 6-го тижня | I48: pascha | J48: 6 | L48: 2 | M48: =IFNA( VLOOKUP(LEFT(F48, IFERROR(FIND(" ", F48, 1),1) - 1), lists!$A$31:$B$37, 2, FALSE),"") -> 2 | N48: =IFERROR(__xludf.DUMMYFUNCTION("IFNA(VLOOKUP(IFNA(REGEXEXTRACT(F48, ""(Пасхи|50-ці|посту)""),""""),lists!$A$39:$B$41,2,FALSE),"""")"),"") | O48: =IFERROR(__xludf.DUMMYFUNCTION("IFNA(REGEXEXTRACT(F48, ""\d{1,2}""),"""")"),"6") -> 6 | P48: =AND(OR(I48="",J48="",L48=""),H48="") -> FALSE
A49: Ів. 42 зач.; 12, 28-36. | B49: =LEFT(A49,FIND(".",A49)) -> Ів. | C49: iv | D49: =MID(A49,FIND(".",A49)+2,FIND(" ",RIGHT(A49,LEN(A49)-FIND(".",A49)-1))-1) -> 42 | E49: b | F49: На Воздвиження Хреста, на Утрені | H49: * | M49: =IFNA( VLOOKUP(LEFT(F49, IFERROR(FIND(" ", F49, 1),1) - 1), lists!$A$31:$B$37, 2, FALSE),"") | N49: =IFERROR(__xludf.DUMMYFUNCTION("IFNA(VLOOKUP(IFNA(REGEXEXTRACT(F49, ""(Пасхи|50-ці|посту)""),""""),lists!$A$39:$B$41,2,FALSE),"""")"),"") | O49: =IFERROR(__xludf.DUMMYFUNCTION("IFNA(REGEXEXTRACT(F49, ""\d{1,2}""),"""")"),"") | P49: =AND(OR(I49="",J49="",L49=""),H49="") -> FALSE
A50: Ів. 43 зач.; 12, 36-47. | B50: =LEFT(A50,FIND(".",A50)) -> Ів. | C50: iv | D50: =MID(A50,FIND(".",A50)+2,FIND(" ",RIGHT(A50,LEN(A50)-FIND(".",A50)-1))-1) -> 43 | F50: Середа 6-го тижня | I50: pascha | J50: 6 | L50: 3 | M50: =IFNA( VLOOKUP(LEFT(F50, IFERROR(FIND(" ", F50, 1),1) - 1), lists!$A$31:$B$37, 2, FALSE),"") -> 3 | N50: =IFERROR(__xludf.DUMMYFUNCTION("IFNA(VLOOKUP(IFNA(REGEXEXTRACT(F50, ""(Пасхи|50-ці|посту)""),""""),lists!$A$39:$B$41,2,FALSE),"""")"),"") | O50: =IFERROR(__xludf.DUMMYFUNCTION("IFNA(REGEXEXTRACT(F50, ""\d{1,2}""),"""")"),"6") -> 6 | P50: =AND(OR(I50="",J50="",L50=""),H50="") -> FALSE
A51: Ів. 44 зач.; 13, 1-11. | B51: =LEFT(A51,FIND(".",A51)) -> Ів. | C51: iv | D51: =MID(A51,FIND(".",A51)+2,FIND(" ",RIGHT(A51,LEN(A51)-FIND(".",A51)-1))-1) -> 44 | F51: У великий четвер, Євангеліє 1-ше на умивання ніг | H51: * | M51: =IFNA( VLOOKUP(LEFT(F51, IFERROR(FIND(" ", F51, 1),1) - 1), lists!$A$31:$B$37, 2, FALSE),"") | N51: =IFERROR(__xludf.DUMMYFUNCTION("IFNA(VLOOKUP(IFNA(REGEXEXTRACT(F51, ""(Пасхи|50-ці|посту)""),""""),lists!$A$39:$B$41,2,FALSE),"""")"),"") | O51: =IFERROR(__xludf.DUMMYFUNCTION("IFNA(REGEXEXTRACT(F51, ""\d{1,2}""),"""")"),"1") -> 1 | P51: =AND(OR(I51="",J51="",L51=""),H51="") -> FALSE
A52: Ів. 45 зач.; 13, 12-17. | B52: =LEFT(A52,FIND(".",A52)) -> Ів. | C52: iv | D52: =MID(A52,FIND(".",A52)+2,FIND(" ",RIGHT(A52,LEN(A52)-FIND(".",A52)-1))-1) -> 45 | F52: Євангеліє 2-ге, після умивання ніг | H52: * | J52: 2 | M52: =IFNA( VLOOKUP(LEFT(F52, IFERROR(FIND(" ", F52, 1),1) - 1), lists!$A$31:$B$37, 2, FALSE),"") | N52: =IFERROR(__xludf.DUMMYFUNCTION("IFNA(VLOOKUP(IFNA(REGEXEXTRACT(F52, ""(Пасхи|50-ці|посту)""),""""),lists!$A$39:$B$41,2,FALSE),"""")"),"") | O52: =IFERROR(__xludf.DUMMYFUNCTION("IFNA(REGEXEXTRACT(F52, ""\d{1,2}""),"""")"),"2") -> 2 | P52: =AND(OR(I52="",J52="",L52=""),H52="") -> FALSE
A53: Ів. 46 зач.; 13, 31 - 18, 1. | B53: =LEFT(A53,FIND(".",A53)) -> Ів. | C53: iv | D53: =MID(A53,FIND(".",A53)+2,FIND(" ",RIGHT(A53,LEN(A53)-FIND(".",A53)-1))-1) -> 46 | F53: Євангеліє 1-ше святих страстей | H53: * | J53: 1 | M53: =IFNA( VLOOKUP(LEFT(F53, IFERROR(FIND(" ", F53, 1),1) - 1), lists!$A$31:$B$37, 2, FALSE),"") | N53: =IFERROR(__xludf.DUMMYFUNCTION("IFNA(VLOOKUP(IFNA(REGEXEXTRACT(F53, ""(Пасхи|50-ці|посту)""),""""),lists!$A$39:$B$41,2,FALSE),"""")"),"") | O53: =IFERROR(__xludf.DUMMYFUNCTION("IFNA(REGEXEXTRACT(F53, ""\d{1,2}""),"""")"),"1") -> 1 | P53: =AND(OR(I53="",J53="",L53=""),H53="") -> FALSE
A54: Ів. 47 зач.; 14, 1-11. | B54: =LEFT(A54,FIND(".",A54)) -> Ів. | C54: iv | D54: =MID(A54,FIND(".",A54)+2,FIND(" ",RIGHT(A54,LEN(A54)-FIND(".",A54)-1))-1) -> 47 | F54: П'ятниця 6-го тижня | I54: pascha | J54: 6 | L54: 5 | M54: =IFNA( VLOOKUP(LEFT(F54, IFERROR(FIND(" ", F54, 1),1) - 1), lists!$A$31:$B$37, 2, FALSE),"") -> 5 | N54: =IFERROR(__xludf.DUMMYFUNCTION("IFNA(VLOOKUP(IFNA(REGEXEXTRACT(F54, ""(Пасхи|50-ці|посту)""),""""),lists!$A$39:$B$41,2,FALSE),"""")"),"") | O54: =IFERROR(__xludf.DUMMYFUNCTION("IFNA(REGEXEXTRACT(F54, ""\d{1,2}""),"""")"),"6") -> 6 | P54: =AND(OR(I54="",J54="",L54=""),H54="") -> FALSE
A55: Ів. 48 зач.; 14, 10-21. | B55: =LEFT(A55,FIND(".",A55)) -> Ів. | C55: iv | D55: =MID(A55,FIND(".",A55)+2,FIND(" ",RIGHT(A55,LEN(A55)-FIND(".",A55)-1))-1) -> 48 | E55: a | F55: Субота 6-го тижня | I55: pascha | J55: 6 | L55: 6 | M55: =IFNA( VLOOKUP(LEFT(F55, IFERROR(FIND(" ", F55, 1),1) - 1), lists!$A$31:$B$37, 2, FALSE),"") -> 6 | N55: =IFERROR(__xludf.DUMMYFUNCTION("IFNA(VLOOKUP(IFNA(REGEXEXTRACT(F55, ""(Пасхи|50-ці|посту)""),""""),lists!$A$39:$B$41,2,FALSE),"""")"),"") | O55: =IFERROR(__xludf.DUMMYFUNCTION("IFNA(REGEXEXTRACT(F55, ""\d{1,2}""),"""")"),"6") -> 6 | P55: =AND(OR(I55="",J55="",L55=""),H55="") -> FALSE
A56: Ів. 48 зач.; 14, 21-24 | B56: =LEFT(A56,FIND(".",A56)) -> Ів. | C56: iv | D56: =MID(A56,FIND(".",A56)+2,FIND(" ",RIGHT(A56,LEN(A56)-FIND(".",A56)-1))-1) -> 48 | E56: b | F56: Святому апостолі Юді | H56: * | M56: =IFNA( VLOOKUP(LEFT(F56, IFERROR(FIND(" ", F56, 1),1) - 1), lists!$A$31:$B$37, 2, FALSE),"") | N56: =IFERROR(__xludf.DUMMYFUNCTION("IFNA(VLOOKUP(IFNA(REGEXEXTRACT(F56, ""(Пасхи|50-ці|посту)""),""""),lists!$A$39:$B$41,2,FALSE),"""")"),"") | O56: =IFERROR(__xludf.DUMMYFUNCTION("IFNA(REGEXEXTRACT(F56, ""\d{1,2}""),"""")"),"") | P56: =AND(OR(I56="",J56="",L56=""),H56="") -> FALSE
A57: Ів. 49 зач.; 14, 27 – 15, 7. | B57: =LEFT(A57,FIND(".",A57)) -> Ів. | C57: iv | D57: =MID(A57,FIND(".",A57)+2,FIND(" ",RIGHT(A57,LEN(A57)-FIND(".",A57)-1))-1) -> 49 | F57: Понеділок 7-го тижня | G57: Мт 56, теж пн 7-го тижня | I57: pascha | J57: 7 | L57: 1 | M57: =IFNA( VLOOKUP(LEFT(F57, IFERROR(FIND(" ", F57, 1),1) - 1), lists!$A$31:$B$37, 2, FALSE),"") -> 1 | N57: =IFERROR(__xludf.DUMMYFUNCTION("IFNA(VLOOKUP(IFNA(REGEXEXTRACT(F57, ""(Пасхи|50-ці|посту)""),""""),lists!$A$39:$B$41,2,FALSE),"""")"),"") | O57: =IFERROR(__xludf.DUMMYFUNCTION("IFNA(REGEXEXTRACT(F57, ""\d{1,2}""),"""")"),"7") -> 7 | P57: =AND(OR(I57="",J57="",L57=""),H57="") -> FALSE
A58: Ів. 50 зач.; 15, 1-7. | B58: =LEFT(A58,FIND(".",A58)) -> Ів. | C58: iv | D58: =MID(A58,FIND(".",A58)+2,FIND(" ",RIGHT(A58,LEN(A58)-FIND(".",A58)-1))-1) -> 50 | F58: 2-го вересня, Мамантові | H58: * | J58: 2 | M58: =IFNA( VLOOKUP(LEFT(F58, IFERROR(FIND(" ", F58, 1),1) - 1), lists!$A$31:$B$37, 2, FALSE),"") | N58: =IFERROR(__xludf.DUMMYFUNCTION("IFNA(VLOOKUP(IFNA(REGEXEXTRACT(F58, ""(Пасхи|50-ці|посту)""),""""),lists!$A$39:$B$41,2,FALSE),"""")"),"") | O58: =IFERROR(__xludf.DUMMYFUNCTION("IFNA(REGEXEXTRACT(F58, ""\d{1,2}""),"""")"),"2") -> 2 | P58: =AND(OR(I58="",J58="",L58=""),H58="") -> FALSE
A59: Ів. 51 зач.; 15, 9-16. | B59: =LEFT(A59,FIND(".",A59)) -> Ів. | C59: iv | D59: =MID(A59,FIND(".",A59)+2,FIND(" ",RIGHT(A59,LEN(A59)-FIND(".",A59)-1))-1) -> 51 | F59: 11 травня, Мокієві | H59: * | J59: 11 | M59: =IFNA( VLOOKUP(LEFT(F59, IFERROR(FIND(" ", F59, 1),1) - 1), lists!$A$31:$B$37, 2, FALSE),"") | N59: =IFERROR(__xludf.DUMMYFUNCTION("IFNA(VLOOKUP(IFNA(REGEXEXTRACT(F59, ""(Пасхи|50-ці|посту)""),""""),lists!$A$39:$B$41,2,FALSE),"""")"),"") | O59: =IFERROR(__xludf.DUMMYFUNCTION("IFNA(REGEXEXTRACT(F59, ""\d{1,2}""),"""")"),"11") -> 11 | P59: =AND(OR(I59="",J59="",L59=""),H59="") -> FALSE
A60: Ів. 52 зач.; 15, 17 – 16, 2. | B60: =LEFT(A60,FIND(".",A60)) -> Ів. | C60: iv | D60: =MID(A60,FIND(".",A60)+2,FIND(" ",RIGHT(A60,LEN(A60)-FIND(".",A60)-1))-1) -> 52 | F60: Субота 3-го тижня. Це ж і мученикам. | H60: * | I60: pentecost | J60: 30 | L60: 6 | M60: =IFNA( VLOOKUP(LEFT(F60, IFERROR(FIND(" ", F60, 1),1) - 1), lists!$A$31:$B$37, 2, FALSE),"") -> 6 | N60: =IFERROR(__xludf.DUMMYFUNCTION("IFNA(VLOOKUP(IFNA(REGEXEXTRACT(F60, ""(Пасхи|50-ці|посту)""),""""),lists!$A$39:$B$41,2,FALSE),"""")"),"") | O60: =IFERROR(__xludf.DUMMYFUNCTION("IFNA(REGEXEXTRACT(F60, ""\d{1,2}""),"""")"),"3") -> 3 | P60: =AND(OR(I60="",J60="",L60=""),H60="") -> FALSE
A61: Ів. 53 зач.; 16, 2-13. | B61: =LEFT(A61,FIND(".",A61)) -> Ів. | C61: iv | D61: =MID(A61,FIND(".",A61)+2,FIND(" ",RIGHT(A61,LEN(A61)-FIND(".",A61)-1))-1) -> 53 | F61: Вівторок 7-го тижня. | G61: Див Мт. 57 | I61: pascha | J61: 7 | L61: 2 | M61: =IFNA( VLOOKUP(LEFT(F61, IFERROR(FIND(" ", F61, 1),1) - 1), lists!$A$31:$B$37, 2, FALSE),"") -> 2 | N61: =IFERROR(__xludf.DUMMYFUNCTION("IFNA(VLOOKUP(IFNA(REGEXEXTRACT(F61, ""(Пасхи|50-ці|посту)""),""""),lists!$A$39:$B$41,2,FALSE),"""")"),"") | O61: =IFERROR(__xludf.DUMMYFUNCTION("IFNA(REGEXEXTRACT(F61, ""\d{1,2}""),"""")"),"7") -> 7 | P61: =AND(OR(I61="",J61="",L61=""),H61="") -> FALSE
A62: Ів. 54 зач.; 16, 15-23. | B62: =LEFT(A62,FIND(".",A62)) -> Ів. | C62: iv | D62: =MID(A62,FIND(".",A62)+2,FIND(" ",RIGHT(A62,LEN(A62)-FIND(".",A62)-1))-1) -> 54 | F62: Середа 7-го тижня | I62: pascha | J62: 7 | L62: 3 | M62: =IFNA( VLOOKUP(LEFT(F62, IFERROR(FIND(" ", F62, 1),1) - 1), lists!$A$31:$B$37, 2, FALSE),"") -> 3 | N62: =IFERROR(__xludf.DUMMYFUNCTION("IFNA(VLOOKUP(IFNA(REGEXEXTRACT(F62, ""(Пасхи|50-ці|посту)""),""""),lists!$A$39:$B$41,2,FALSE),"""")"),"") | O62: =IFERROR(__xludf.DUMMYFUNCTION("IFNA(REGEXEXTRACT(F62, ""\d{1,2}""),"""")"),"7") -> 7 | P62: =AND(OR(I62="",J62="",L62=""),H62="") -> FALSE
A63: Ів. 55 зач.; 16, 23-33. | B63: =LEFT(A63,FIND(".",A63)) -> Ів. | C63: iv | D63: =MID(A63,FIND(".",A63)+2,FIND(" ",RIGHT(A63,LEN(A63)-FIND(".",A63)-1))-1) -> 55 | F63: Четвер 7-го тижня | I63: pascha | J63: 7 | L63: 4 | M63: =IFNA( VLOOKUP(LEFT(F63, IFERROR(FIND(" ", F63, 1),1) - 1), lists!$A$31:$B$37, 2, FALSE),"") -> 4 | N63: =IFERROR(__xludf.DUMMYFUNCTION("IFNA(VLOOKUP(IFNA(REGEXEXTRACT(F63, ""(Пасхи|50-ці|посту)""),""""),lists!$A$39:$B$41,2,FALSE),"""")"),"") | O63: =IFERROR(__xludf.DUMMYFUNCTION("IFNA(REGEXEXTRACT(F63, ""\d{1,2}""),"""")"),"7") -> 7 | P63: =AND(OR(I63="",J63="",L63=""),H63="") -> FALSE
A64: Ів. 56 зач.; 17, 1-13. | B64: =LEFT(A64,FIND(".",A64)) -> Ів. | C64: iv | D64: =MID(A64,FIND(".",A64)+2,FIND(" ",RIGHT(A64,LEN(A64)-FIND(".",A64)-1))-1) -> 56 | F64: Неділя 7-ма, святих отців, що в Нікеї | I64: pascha | J64: 7 | L64: 7 | M64: =IFNA( VLOOKUP(LEFT(F64, IFERROR(FIND(" ", F64, 1),1) - 1), lists!$A$31:$B$37, 2, FALSE),"") -> 7 | N64: =IFERROR(__xludf.DUMMYFUNCTION("IFNA(VLOOKUP(IFNA(REGEXEXTRACT(F64, ""(Пасхи|50-ці|посту)""),""""),lists!$A$39:$B$41,2,FALSE),"""")"),"") | O64: =IFERROR(__xludf.DUMMYFUNCTION("IFNA(REGEXEXTRACT(F64, ""\d{1,2}""),"""")"),"7") -> 7 | P64: =AND(OR(I64="",J64="",L64=""),H64="") -> FALSE
A65: Ів. 57 зач.; 17, 18-26. | B65: =LEFT(A65,FIND(".",A65)) -> Ів. | C65: iv | D65: =MID(A65,FIND(".",A65)+2,FIND(" ",RIGHT(A65,LEN(A65)-FIND(".",A65)-1))-1) -> 57 | F65: П'ятниця 7-го тижня | I65: pascha | J65: 7 | L65: 5 | M65: =IFNA( VLOOKUP(LEFT(F65, IFERROR(FIND(" ", F65, 1),1) - 1), lists!$A$31:$B$37, 2, FALSE),"") -> 5 | N65: =IFERROR(__xludf.DUMMYFUNCTION("IFNA(VLOOKUP(IFNA(REGEXEXTRACT(F65, ""(Пасхи|50-ці|посту)""),""""),lists!$A$39:$B$41,2,FALSE),"""")"),"") | O65: =IFERROR(__xludf.DUMMYFUNCTION("IFNA(REGEXEXTRACT(F65, ""\d{1,2}""),"""")"),"7") -> 7 | P65: =AND(OR(I65="",J65="",L65=""),H65="") -> FALSE
A66: Ів. 58 зач.; 18, 1-28. | B66: =LEFT(A66,FIND(".",A66)) -> Ів. | C66: iv | D66: =MID(A66,FIND(".",A66)+2,FIND(" ",RIGHT(A66,LEN(A66)-FIND(".",A66)-1))-1) -> 58 | F66: Євангеліє 2-ге святих страстей | H66: * | J66: 2 | M66: =IFNA( VLOOKUP(LEFT(F66, IFERROR(FIND(" ", F66, 1),1) - 1), lists!$A$31:$B$37, 2, FALSE),"") | N66: =IFERROR(__xludf.DUMMYFUNCTION("IFNA(VLOOKUP(IFNA(REGEXEXTRACT(F66, ""(Пасхи|50-ці|посту)""),""""),lists!$A$39:$B$41,2,FALSE),"""")"),"") | O66: =IFERROR(__xludf.DUMMYFUNCTION("IFNA(REGEXEXTRACT(F66, ""\d{1,2}""),"""")"),"2") -> 2 | P66: =AND(OR(I66="",J66="",L66=""),H66="") -> FALSE
A67: Ів. 59 зач.; 18, 28 - 19, 16. | B67: =LEFT(A67,FIND(".",A67)) -> Ів. | C67: iv | D67: =MID(A67,FIND(".",A67)+2,FIND(" ",RIGHT(A67,LEN(A67)-FIND(".",A67)-1))-1) -> 59 | E67: a | F67: Євангеліє 4-те святих страстей. | H67: * | J67: 4 | M67: =IFNA( VLOOKUP(LEFT(F67, IFERROR(FIND(" ", F67, 1),1) - 1), lists!$A$31:$B$37, 2, FALSE),"") | N67: =IFERROR(__xludf.DUMMYFUNCTION("IFNA(VLOOKUP(IFNA(REGEXEXTRACT(F67, ""(Пасхи|50-ці|посту)""),""""),lists!$A$39:$B$41,2,FALSE),"""")"),"") | O67: =IFERROR(__xludf.DUMMYFUNCTION("IFNA(REGEXEXTRACT(F67, ""\d{1,2}""),"""")"),"4") -> 4 | P67: =AND(OR(I67="",J67="",L67=""),H67="") -> FALSE
A68: Ів. 59 зач.; 18, 28 - 19, 37. | B68: =LEFT(A68,FIND(".",A68)) -> Ів. | C68: iv | D68: =MID(A68,FIND(".",A68)+2,FIND(" ",RIGHT(A68,LEN(A68)-FIND(".",A68)-1))-1) -> 59 | E68: b | F68: На 9-му Часі у Велику П'ятницю, не переступаючи
A69: Ів. 60 зач.; 19, 6-11; 13-20; 25-28; 30-35. | B69: =LEFT(A69,FIND(".",A69)) -> Ів. | C69: iv | D69: =MID(A69,FIND(".",A69)+2,FIND(" ",RIGHT(A69,LEN(A69)-FIND(".",A69)-1))-1) -> 60 | F69: 14 вересня, на Воздвиження Чесного Хреста на Літургії, цей і на явління в небі знамення Хреста, на похід з древом Хреста | H69: * | J69: 14 | M69: =IFNA( VLOOKUP(LEFT(F69, IFERROR(FIND(" ", F69, 1),1) - 1), lists!$A$31:$B$37, 2, FALSE),"") | N69: =IFERROR(__xludf.DUMMYFUNCTION("IFNA(VLOOKUP(IFNA(REGEXEXTRACT(F69, ""(Пасхи|50-ці|посту)""),""""),lists!$A$39:$B$41,2,FALSE),"""")"),"") | O69: =IFERROR(__xludf.DUMMYFUNCTION("IFNA(REGEXEXTRACT(F69, ""\d{1,2}""),"""")"),"14") -> 14 | P69: =AND(OR(I69="",J69="",L69=""),H69="") -> FALSE
A70: Ів. 61 зач.; 19, 25-37. | B70: =LEFT(A70,FIND(".",A70)) -> Ів. | C70: iv | D70: =MID(A70,FIND(".",A70)+2,FIND(" ",RIGHT(A70,LEN(A70)-FIND(".",A70)-1))-1) -> 61 | E70: a | F70: Євангеліє 9-те святих страстей. | H70: * | J70: 9 | M70: =IFNA( VLOOKUP(LEFT(F70, IFERROR(FIND(" ", F70, 1),1) - 1), lists!$A$31:$B$37, 2, FALSE),"") | N70: =IFERROR(__xludf.DUMMYFUNCTION("IFNA(VLOOKUP(IFNA(REGEXEXTRACT(F70, ""(Пасхи|50-ці|посту)""),""""),lists!$A$39:$B$41,2,FALSE),"""")"),"") | O70: =IFERROR(__xludf.DUMMYFUNCTION("IFNA(REGEXEXTRACT(F70, ""\d{1,2}""),"""")"),"9") -> 9 | P70: =AND(OR(I70="",J70="",L70=""),H70="") -> FALSE
A71: Ів. 61 зач.; 19, 25-27; 21, 24-25. | B71: =LEFT(A71,FIND(".",A71)) -> Ів. | C71: iv | D71: =MID(A71,FIND(".",A71)+2,FIND(" ",RIGHT(A71,LEN(A71)-FIND(".",A71)-1))-1) -> 61 | E71: b | F71: 26 вересня, і 8 травня, Іванові Богословові на Літургії | H71: * | J71: 26 | M71: =IFNA( VLOOKUP(LEFT(F71, IFERROR(FIND(" ", F71, 1),1) - 1), lists!$A$31:$B$37, 2, FALSE),"") | N71: =IFERROR(__xludf.DUMMYFUNCTION("IFNA(VLOOKUP(IFNA(REGEXEXTRACT(F71, ""(Пасхи|50-ці|посту)""),""""),lists!$A$39:$B$41,2,FALSE),"""")"),"") | O71: =IFERROR(__xludf.DUMMYFUNCTION("IFNA(REGEXEXTRACT(F71, ""\d{1,2}""),"""")"),"26") -> 26 | P71: =AND(OR(I71="",J71="",L71=""),H71="") -> FALSE
A72: Ів. 61 зач.; 19, 25-27. | B72: =LEFT(A72,FIND(".",A72)) -> Ів. | C72: iv | D72: =MID(A72,FIND(".",A72)+2,FIND(" ",RIGHT(A72,LEN(A72)-FIND(".",A72)-1))-1) -> 61 | E72: c | F72: Сострадання Пресв. Богородиці | H72: * | J72: 26 | M72: =IFNA( VLOOKUP(LEFT(F72, IFERROR(FIND(" ", F72, 1),1) - 1), lists!$A$31:$B$37, 2, FALSE),"") | N72: =IFERROR(__xludf.DUMMYFUNCTION("IFNA(VLOOKUP(IFNA(REGEXEXTRACT(F72, ""(Пасхи|50-ці|посту)""),""""),lists!$A$39:$B$41,2,FALSE),"""")"),"") | O72: =IFERROR(__xludf.DUMMYFUNCTION("IFNA(REGEXEXTRACT(F72, ""\d{1,2}""),"""")"),"") | P72: =AND(OR(I72="",J72="",L72=""),H72="") -> FALSE
A73: Ів. 62 зач.; 19, 38-42. | B73: =LEFT(A73,FIND(".",A73)) -> Ів. | C73: iv | D73: =MID(A73,FIND(".",A73)+2,FIND(" ",RIGHT(A73,LEN(A73)-FIND(".",A73)-1))-1) -> 62 | F73: Євангеліє 11-те святих страстей. | H73: * | J73: 11 | M73: =IFNA( VLOOKUP(LEFT(F73, IFERROR(FIND(" ", F73, 1),1) - 1), lists!$A$31:$B$37, 2, FALSE),"") | N73: =IFERROR(__xludf.DUMMYFUNCTION("IFNA(VLOOKUP(IFNA(REGEXEXTRACT(F73, ""(Пасхи|50-ці|посту)""),""""),lists!$A$39:$B$41,2,FALSE),"""")"),"") | O73: =IFERROR(__xludf.DUMMYFUNCTION("IFNA(REGEXEXTRACT(F73, ""\d{1,2}""),"""")"),"11") -> 11 | P73: =AND(OR(I73="",J73="",L73=""),H73="") -> FALSE
A74: Ів. 63 зач.; 20, 1-10. | B74: =LEFT(A74,FIND(".",A74)) -> Ів. | C74: iv | D74: =MID(A74,FIND(".",A74)+2,FIND(" ",RIGHT(A74,LEN(A74)-FIND(".",A74)-1))-1) -> 63 | F74: Євангеліє воскресне 7-ме, Неділя 7-ма по 50-ці на Утрені | H74: * | J74: 7 | M74: =IFNA( VLOOKUP(LEFT(F74, IFERROR(FIND(" ", F74, 1),1) - 1), lists!$A$31:$B$37, 2, FALSE),"") | N74: =IFERROR(__xludf.DUMMYFUNCTION("IFNA(VLOOKUP(IFNA(REGEXEXTRACT(F74, ""(Пасхи|50-ці|посту)""),""""),lists!$A$39:$B$41,2,FALSE),"""")"),"pentecost") -> pentecost | O74: =IFERROR(__xludf.DUMMYFUNCTION("IFNA(REGEXEXTRACT(F74, ""\d{1,2}""),"""")"),"7") -> 7 | P74: =AND(OR(I74="",J74="",L74=""),H74="") -> FALSE
A75: Ів. 64 зач.; 20, 11-18. | B75: =LEFT(A75,FIND(".",A75)) -> Ів. | C75: iv | D75: =MID(A75,FIND(".",A75)+2,FIND(" ",RIGHT(A75,LEN(A75)-FIND(".",A75)-1))-1) -> 64 | F75: Євангеліє воскресне 8-ме | H75: * | J75: 8 | M75: =IFNA( VLOOKUP(LEFT(F75, IFERROR(FIND(" ", F75, 1),1) - 1), lists!$A$31:$B$37, 2, FALSE),"") | N75: =IFERROR(__xludf.DUMMYFUNCTION("IFNA(VLOOKUP(IFNA(REGEXEXTRACT(F75, ""(Пасхи|50-ці|посту)""),""""),lists!$A$39:$B$41,2,FALSE),"""")"),"") | O75: =IFERROR(__xludf.DUMMYFUNCTION("IFNA(REGEXEXTRACT(F75, ""\d{1,2}""),"""")"),"8") -> 8 | P75: =AND(OR(I75="",J75="",L75=""),H75="") -> FALSE
A76: Ів. 65 зач.; 20, 19-23. | B76: =LEFT(A76,FIND(".",A76)) -> Ів. | C76: iv | D76: =MID(A76,FIND(".",A76)+2,FIND(" ",RIGHT(A76,LEN(A76)-FIND(".",A76)-1))-1) -> 65 | E76: b | F76: На Утрені в неділю 8-му після Великодня. | I76: pascha | J76: 7 | L76: 7 | M76: =IFNA( VLOOKUP(LEFT(F76, IFERROR(FIND(" ", F76, 1),1) - 1), lists!$A$31:$B$37, 2, FALSE),"") | N76: =IFERROR(__xludf.DUMMYFUNCTION("IFNA(VLOOKUP(IFNA(REGEXEXTRACT(F76, ""(Пасхи|50-ці|посту)""),""""),lists!$A$39:$B$41,2,FALSE),"""")"),"") | O76: =IFERROR(__xludf.DUMMYFUNCTION("IFNA(REGEXEXTRACT(F76, ""\d{1,2}""),"""")"),"8") -> 8 | P76: =AND(OR(I76="",J76="",L76=""),H76="") -> FALSE
A77: Ів. 65 зач.; 20, 19-25. | B77: =LEFT(A77,FIND(".",A77)) -> Ів. | C77: iv | D77: =MID(A77,FIND(".",A77)+2,FIND(" ",RIGHT(A77,LEN(A77)-FIND(".",A77)-1))-1) -> 65 | E77: c | F77: В світлу неділю ввечері. | H77: * | M77: =IFNA( VLOOKUP(LEFT(F77, IFERROR(FIND(" ", F77, 1),1) - 1), lists!$A$31:$B$37, 2, FALSE),"") | N77: =IFERROR(__xludf.DUMMYFUNCTION("IFNA(VLOOKUP(IFNA(REGEXEXTRACT(F77, ""(Пасхи|50-ці|посту)""),""""),lists!$A$39:$B$41,2,FALSE),"""")"),"") | O77: =IFERROR(__xludf.DUMMYFUNCTION("IFNA(REGEXEXTRACT(F77, ""\d{1,2}""),"""")"),"") | P77: =AND(OR(I77="",J77="",L77=""),H77="") -> FALSE
A78: Ів. 65 зач.; 20, 19-31. | B78: =LEFT(A78,FIND(".",A78)) -> Ів. | C78: iv | D78: =MID(A78,FIND(".",A78)+2,FIND(" ",RIGHT(A78,LEN(A78)-FIND(".",A78)-1))-1) -> 65 | E78: a | F78: Євангеліє воскресне 9-те. Святому апостолові Томі. В неділю антипасхи. | H78: * | I78: pascha | J78: 7 | L78: 7 | M78: =IFNA( VLOOKUP(LEFT(F78, IFERROR(FIND(" ", F78, 1),1) - 1), lists!$A$31:$B$37, 2, FALSE),"") | N78: =IFERROR(__xludf.DUMMYFUNCTION("IFNA(VLOOKUP(IFNA(REGEXEXTRACT(F78, ""(Пасхи|50-ці|посту)""),""""),lists!$A$39:$B$41,2,FALSE),"""")"),"") | O78: =IFERROR(__xludf.DUMMYFUNCTION("IFNA(REGEXEXTRACT(F78, ""\d{1,2}""),"""")"),"9") -> 9 | P78: =AND(OR(I78="",J78="",L78=""),H78="") -> FALSE
A79: Ів. 66 зач.; 21, 1-14. | B79: =LEFT(A79,FIND(".",A79)) -> Ів. | C79: iv | D79: =MID(A79,FIND(".",A79)+2,FIND(" ",RIGHT(A79,LEN(A79)-FIND(".",A79)-1))-1) -> 66 | F79: Євангеліє воскресне 10-те | H79: * | J79: 10 | M79: =IFNA( VLOOKUP(LEFT(F79, IFERROR(FIND(" ", F79, 1),1) - 1), lists!$A$31:$B$37, 2, FALSE),"") | N79: =IFERROR(__xludf.DUMMYFUNCTION("IFNA(VLOOKUP(IFNA(REGEXEXTRACT(F79, ""(Пасхи|50-ці|посту)""),""""),lists!$A$39:$B$41,2,FALSE),"""")"),"") | O79: =IFERROR(__xludf.DUMMYFUNCTION("IFNA(REGEXEXTRACT(F79, ""\d{1,2}""),"""")"),"10") -> 10 | P79: =AND(OR(I79="",J79="",L79=""),H79="") -> FALSE
A80: Ів. 67 зач.; 21, 15-25. | B80: =LEFT(A80,FIND(".",A80)) -> Ів. | C80: iv | D80: =MID(A80,FIND(".",A80)+2,FIND(" ",RIGHT(A80,LEN(A80)-FIND(".",A80)-1))-1) -> 67 | F80: Євангеліє воскресне 11-те, і в суботу 7-му на Літургії, на празник Богослова на Утрені, і 17 січня, і апостолам на утрені | G80: 17 січня??? | H80: * | I80: pascha | J80: 7 | L80: 6 | M80: =IFNA( VLOOKUP(LEFT(F80, IFERROR(FIND(" ", F80, 1),1) - 1), lists!$A$31:$B$37, 2, FALSE),"") | N80: =IFERROR(__xludf.DUMMYFUNCTION("IFNA(VLOOKUP(IFNA(REGEXEXTRACT(F80, ""(Пасхи|50-ці|посту)""),""""),lists!$A$39:$B$41,2,FALSE),"""")"),"") | O80: =IFERROR(__xludf.DUMMYFUNCTION("IFNA(REGEXEXTRACT(F80, ""\d{1,2}""),"""")"),"11") -> 11 | P80: =AND(OR(I80="",J80="",L80=""),H80="") -> FALSE
A81: Йо. 1 зач.; 1, 1-17. | B81: =LEFT(A81,FIND(".",A81)) -> Йо. | C81: iv | D81: =MID(A81,FIND(".",A81)+2,FIND(" ",RIGHT(A81,LEN(A81)-FIND(".",A81)-1))-1) -> 1 | F81: В святу й велику неділю Пасхи на Літургії | I81: lent | J81: 7 | L81: 7 | M81: =IFNA( VLOOKUP(LEFT(F81, IFERROR(FIND(" ", F81, 1),1) - 1), lists!$A$31:$B$37, 2, FALSE),"") | N81: =IFERROR(__xludf.DUMMYFUNCTION("IFNA(VLOOKUP(IFNA(REGEXEXTRACT(F81, ""(Пасхи|50-ці|посту)""),""""),lists!$A$39:$B$41,2,FALSE),"""")"),"pascha") -> pascha | O81: =IFERROR(__xludf.DUMMYFUNCTION("IFNA(REGEXEXTRACT(F81, ""\d{1,2}""),"""")"),"") | P81: =AND(OR(I81="",J81="",L81=""),H81="") -> FALSE
A82: Йо. 2 зач.; 1, 18-28. | B82: =LEFT(A82,FIND(".",A82)) -> Йо. | C82: iv | D82: =MID(A82,FIND(".",A82)+2,FIND(" ",RIGHT(A82,LEN(A82)-FIND(".",A82)-1))-1) -> 2 | F82: Понеділок світлого тижня | I82: pascha | J82: 1 | L82: 1 | M82: =IFNA( VLOOKUP(LEFT(F82, IFERROR(FIND(" ", F82, 1),1) - 1), lists!$A$31:$B$37, 2, FALSE),"") -> 1 | N82: =IFERROR(__xludf.DUMMYFUNCTION("IFNA(VLOOKUP(IFNA(REGEXEXTRACT(F82, ""(Пасхи|50-ці|посту)""),""""),lists!$A$39:$B$41,2,FALSE),"""")"),"") | O82: =IFERROR(__xludf.DUMMYFUNCTION("IFNA(REGEXEXTRACT(F82, ""\d{1,2}""),"""")"),"") | P82: =AND(OR(I82="",J82="",L82=""),H82="") -> FALSE
A83: Йо. 3 зач.; 1, 29-34. | B83: =LEFT(A83,FIND(".",A83)) -> Йо. | C83: iv | D83: =MID(A83,FIND(".",A83)+2,FIND(" ",RIGHT(A83,LEN(A83)-FIND(".",A83)-1))-1) -> 3 | F83: Другого дня Богоявлення на Літургії | H83: * | M83: =IFNA( VLOOKUP(LEFT(F83, IFERROR(FIND(" ", F83, 1),1) - 1), lists!$A$31:$B$37, 2, FALSE),"") | N83: =IFERROR(__xludf.DUMMYFUNCTION("IFNA(VLOOKUP(IFNA(REGEXEXTRACT(F83, ""(Пасхи|50-ці|посту)""),""""),lists!$A$39:$B$41,2,FALSE),"""")"),"") | O83: =IFERROR(__xludf.DUMMYFUNCTION("IFNA(REGEXEXTRACT(F83, ""\d{1,2}""),"""")"),"") | P83: =AND(OR(I83="",J83="",L83=""),H83="") -> FALSE
A84: Йо. 4 зач.; 1, 35-51. | B84: =LEFT(A84,FIND(".",A84)) -> Йо. | C84: iv | D84: =MID(A84,FIND(".",A84)+2,FIND(" ",RIGHT(A84,LEN(A84)-FIND(".",A84)-1))-1) -> 4 | F84: Середа світлого тижня. Це і апостолові Андрієві | H84: * | I84: pascha | J84: 1 | L84: 3 | M84: =IFNA( VLOOKUP(LEFT(F84, IFERROR(FIND(" ", F84, 1),1) - 1), lists!$A$31:$B$37, 2, FALSE),"") -> 3 | N84: =IFERROR(__xludf.DUMMYFUNCTION("IFNA(VLOOKUP(IFNA(REGEXEXTRACT(F84, ""(Пасхи|50-ці|посту)""),""""),lists!$A$39:$B$41,2,FALSE),"""")"),"") | O84: =IFERROR(__xludf.DUMMYFUNCTION("IFNA(REGEXEXTRACT(F84, ""\d{1,2}""),"""")"),"") | P84: =AND(OR(I84="",J84="",L84=""),H84="") -> FALSE
A85: Йо. 5 зач.; 1, 43-51. | B85: =LEFT(A85,FIND(".",A85)) -> Йо. | C85: iv | D85: =MID(A85,FIND(".",A85)+2,FIND(" ",RIGHT(A85,LEN(A85)-FIND(".",A85)-1))-1) -> 5 | F85: Неділя 1-ша посту. Це ж і святому апостолові Филипові | H85: * | I85: lent | J85: 1 | L85: 7 | M85: =IFNA( VLOOKUP(LEFT(F85, IFERROR(FIND(" ", F85, 1),1) - 1), lists!$A$31:$B$37, 2, FALSE),"") -> 7 | N85: =IFERROR(__xludf.DUMMYFUNCTION("IFNA(VLOOKUP(IFNA(REGEXEXTRACT(F85, ""(Пасхи|50-ці|посту)""),""""),lists!$A$39:$B$41,2,FALSE),"""")"),"lent") -> lent | O85: =IFERROR(__xludf.DUMMYFUNCTION("IFNA(REGEXEXTRACT(F85, ""\d{1,2}""),"""")"),"1") -> 1 | P85: =AND(OR(I85="",J85="",L85=""),H85="") -> FALSE
A86: Йо. 6 зач.; 2, 1-11. | B86: =LEFT(A86,FIND(".",A86)) -> Йо. | C86: iv | D86: =MID(A86,FIND(".",A86)+2,FIND(" ",RIGHT(A86,LEN(A86)-FIND(".",A86)-1))-1) -> 6 | F86: Понеділок 2-го тижня | I86: pascha | J86: 2 | L86: 1 | M86: =IFNA( VLOOKUP(LEFT(F86, IFERROR(FIND(" ", F86, 1),1) - 1), lists!$A$31:$B$37, 2, FALSE),"") -> 1 | N86: =IFERROR(__xludf.DUMMYFUNCTION("IFNA(VLOOKUP(IFNA(REGEXEXTRACT(F86, ""(Пасхи|50-ці|посту)""),""""),lists!$A$39:$B$41,2,FALSE),"""")"),"") | O86: =IFERROR(__xludf.DUMMYFUNCTION("IFNA(REGEXEXTRACT(F86, ""\d{1,2}""),"""")"),"2") -> 2 | P86: =AND(OR(I86="",J86="",L86=""),H86="") -> FALSE
A87: Йо. 7 зач.; 2, 12-22. | B87: =LEFT(A87,FIND(".",A87)) -> Йо. | C87: iv | D87: =MID(A87,FIND(".",A87)+2,FIND(" ",RIGHT(A87,LEN(A87)-FIND(".",A87)-1))-1) -> 7 | F87: П'ятниця світлого тижня | I87: pascha | J87: 1 | L87: 5 | M87: =IFNA( VLOOKUP(LEFT(F87, IFERROR(FIND(" ", F87, 1),1) - 1), lists!$A$31:$B$37, 2, FALSE),"") -> 5 | N87: =IFERROR(__xludf.DUMMYFUNCTION("IFNA(VLOOKUP(IFNA(REGEXEXTRACT(F87, ""(Пасхи|50-ці|посту)""),""""),lists!$A$39:$B$41,2,FALSE),"""")"),"") | O87: =IFERROR(__xludf.DUMMYFUNCTION("IFNA(REGEXEXTRACT(F87, ""\d{1,2}""),"""")"),"") | P87: =AND(OR(I87="",J87="",L87=""),H87="") -> FALSE
A88: Йо. 8 зач.; 3, 1-15. | B88: =LEFT(A88,FIND(".",A88)) -> Йо. | C88: iv | D88: =MID(A88,FIND(".",A88)+2,FIND(" ",RIGHT(A88,LEN(A88)-FIND(".",A88)-1))-1) -> 8 | F88: Четвер світлого тижня | I88: pascha | J88: 1 | L88: 4 | M88: =IFNA( VLOOKUP(LEFT(F88, IFERROR(FIND(" ", F88, 1),1) - 1), lists!$A$31:$B$37, 2, FALSE),"") -> 4 | N88: =IFERROR(__xludf.DUMMYFUNCTION("IFNA(VLOOKUP(IFNA(REGEXEXTRACT(F88, ""(Пасхи|50-ці|посту)""),""""),lists!$A$39:$B$41,2,FALSE),"""")"),"") | O88: =IFERROR(__xludf.DUMMYFUNCTION("IFNA(REGEXEXTRACT(F88, ""\d{1,2}""),"""")"),"") | P88: =AND(OR(I88="",J88="",L88=""),H88="") -> FALSE
A89: Йо. 9 зач.; 3, 13-17. | B89: =LEFT(A89,FIND(".",A89)) -> Йо. | C89: iv | D89: =MID(A89,FIND(".",A89)+2,FIND(" ",RIGHT(A89,LEN(A89)-FIND(".",A89)-1))-1) -> 9 | F89: Неділя перед Воздвиженням | H89: * | L89: 7 | M89: =IFNA( VLOOKUP(LEFT(F89, IFERROR(FIND(" ", F89, 1),1) - 1), lists!$A$31:$B$37, 2, FALSE),"") -> 7 | N89: =IFERROR(__xludf.DUMMYFUNCTION("IFNA(VLOOKUP(IFNA(REGEXEXTRACT(F89, ""(Пасхи|50-ці|посту)""),""""),lists!$A$39:$B$41,2,FALSE),"""")"),"") | O89: =IFERROR(__xludf.DUMMYFUNCTION("IFNA(REGEXEXTRACT(F89, ""\d{1,2}""),"""")"),"") | P89: =AND(OR(I89="",J89="",L89=""),H89="") -> FALSE
A90: Йо. 10 зач.; 3, 16-21. | B90: =LEFT(A90,FIND(".",A90)) -> Йо. | C90: iv | D90: =MID(A90,FIND(".",A90)+2,FIND(" ",RIGHT(A90,LEN(A90)-FIND(".",A90)-1))-1) -> 10 | F90: Вівторок 2-го тижня | I90: pascha | J90: 2 | L90: 2 | M90: =IFNA( VLOOKUP(LEFT(F90, IFERROR(FIND(" ", F90, 1),1) - 1), lists!$A$31:$B$37, 2, FALSE),"") -> 2 | N90: =IFERROR(__xludf.DUMMYFUNCTION("IFNA(VLOOKUP(IFNA(REGEXEXTRACT(F90, ""(Пасхи|50-ці|посту)""),""""),lists!$A$39:$B$41,2,FALSE),"""")"),"") | O90: =IFERROR(__xludf.DUMMYFUNCTION("IFNA(REGEXEXTRACT(F90, ""\d{1,2}""),"""")"),"2") -> 2 | P90: =AND(OR(I90="",J90="",L90=""),H90="") -> FALSE
A91: Йо. 11 зач.; 3, 22-33. | B91: =LEFT(A91,FIND(".",A91)) -> Йо. | C91: iv | D91: =MID(A91,FIND(".",A91)+2,FIND(" ",RIGHT(A91,LEN(A91)-FIND(".",A91)-1))-1) -> 11 | F91: Субота світлого тижня | I91: pascha | J91: 1 | L91: 6 | M91: =IFNA( VLOOKUP(LEFT(F91, IFERROR(FIND(" ", F91, 1),1) - 1), lists!$A$31:$B$37, 2, FALSE),"") -> 6 | N91: =IFERROR(__xludf.DUMMYFUNCTION("IFNA(VLOOKUP(IFNA(REGEXEXTRACT(F91, ""(Пасхи|50-ці|посту)""),""""),lists!$A$39:$B$41,2,FALSE),"""")"),"") | O91: =IFERROR(__xludf.DUMMYFUNCTION("IFNA(REGEXEXTRACT(F91, ""\d{1,2}""),"""")"),"") | P91: =AND(OR(I91="",J91="",L91=""),H91="") -> FALSE
A92: Йо. 12 зач.; 4, 5-42. | B92: =LEFT(A92,FIND(".",A92)) -> Йо. | C92: iv | D92: =MID(A92,FIND(".",A92)+2,FIND(" ",RIGHT(A92,LEN(A92)-FIND(".",A92)-1))-1) -> 12 | F92: Неділя 5-та після Пасхи, про самарянку | I92: pascha | J92: 5 | L92: 7 | M92: =IFNA( VLOOKUP(LEFT(F92, IFERROR(FIND(" ", F92, 1),1) - 1), lists!$A$31:$B$37, 2, FALSE),"") -> 7 | N92: =IFERROR(__xludf.DUMMYFUNCTION("IFNA(VLOOKUP(IFNA(REGEXEXTRACT(F92, ""(Пасхи|50-ці|посту)""),""""),lists!$A$39:$B$41,2,FALSE),"""")"),"pascha") -> pascha | O92: =IFERROR(__xludf.DUMMYFUNCTION("IFNA(REGEXEXTRACT(F92, ""\d{1,2}""),"""")"),"5") -> 5 | P92: =AND(OR(I92="",J92="",L92=""),H92="") -> FALSE
A93: Йо. 13 зач.; 4, 46-54. | B93: =LEFT(A93,FIND(".",A93)) -> Йо. | C93: iv | D93: =MID(A93,FIND(".",A93)+2,FIND(" ",RIGHT(A93,LEN(A93)-FIND(".",A93)-1))-1) -> 13 | F93: Понеділок 3-го тижня | I93: pascha | J93: 3 | L93: 1 | M93: =IFNA( VLOOKUP(LEFT(F93, IFERROR(FIND(" ", F93, 1),1) - 1), lists!$A$31:$B$37, 2, FALSE),"") -> 1 | N93: =IFERROR(__xludf.DUMMYFUNCTION("IFNA(VLOOKUP(IFNA(REGEXEXTRACT(F93, ""(Пасхи|50-ці|посту)""),""""),lists!$A$39:$B$41,2,FALSE),"""")"),"") | O93: =IFERROR(__xludf.DUMMYFUNCTION("IFNA(REGEXEXTRACT(F93, ""\d{1,2}""),"""")"),"3") -> 3 | P93: =AND(OR(I93="",J93="",L93=""),H93="") -> FALSE
A94: Йо. 14 зач.; 5, 1-15. | B94: =LEFT(A94,FIND(".",A94)) -> Йо. | C94: iv | D94: =MID(A94,FIND(".",A94)+2,FIND(" ",RIGHT(A94,LEN(A94)-FIND(".",A94)-1))-1) -> 14 | E94: a | F94: Неділя 4-та, про розслабленого | I94: pascha | J94: 4 | L94: 7 | M94: =IFNA( VLOOKUP(LEFT(F94, IFERROR(FIND(" ", F94, 1),1) - 1), lists!$A$31:$B$37, 2, FALSE),"") -> 7 | N94: =IFERROR(__xludf.DUMMYFUNCTION("IFNA(VLOOKUP(IFNA(REGEXEXTRACT(F94, ""(Пасхи|50-ці|посту)""),""""),lists!$A$39:$B$41,2,FALSE),"""")"),"") | O94: =IFERROR(__xludf.DUMMYFUNCTION("IFNA(REGEXEXTRACT(F94, ""\d{1,2}""),"""")"),"4") -> 4 | P94: =AND(OR(I94="",J94="",L94=""),H94="") -> FALSE
A95: Йо. 14 зач.; 5, 1-4. | B95: =LEFT(A95,FIND(".",A95)) -> Йо. | C95: iv | D95: =MID(A95,FIND(".",A95)+2,FIND(" ",RIGHT(A95,LEN(A95)-FIND(".",A95)-1))-1) -> 14 | E95: b | F95: На освячення води | H95: * | M95: =IFNA( VLOOKUP(LEFT(F95, IFERROR(FIND(" ", F95, 1),1) - 1), lists!$A$31:$B$37, 2, FALSE),"") | N95: =IFERROR(__xludf.DUMMYFUNCTION("IFNA(VLOOKUP(IFNA(REGEXEXTRACT(F95, ""(Пасхи|50-ці|посту)""),""""),lists!$A$39:$B$41,2,FALSE),"""")"),"") | O95: =IFERROR(__xludf.DUMMYFUNCTION("IFNA(REGEXEXTRACT(F95, ""\d{1,2}""),"""")"),"") | P95: =AND(OR(I95="",J95="",L95=""),H95="") -> FALSE
A96: Йо. 15 зач.; 5, 17-24. | B96: =LEFT(A96,FIND(".",A96)) -> Йо. | C96: iv | D96: =MID(A96,FIND(".",A96)+2,FIND(" ",RIGHT(A96,LEN(A96)-FIND(".",A96)-1))-1) -> 15 | F96: Середа 2-го тижня. Це ж і мертвим в понеділок | H96: * | I96: pascha | J96: 2 | L96: 3 | M96: =IFNA( VLOOKUP(LEFT(F96, IFERROR(FIND(" ", F96, 1),1) - 1), lists!$A$31:$B$37, 2, FALSE),"") -> 3 | N96: =IFERROR(__xludf.DUMMYFUNCTION("IFNA(VLOOKUP(IFNA(REGEXEXTRACT(F96, ""(Пасхи|50-ці|посту)""),""""),lists!$A$39:$B$41,2,FALSE),"""")"),"") | O96: =IFERROR(__xludf.DUMMYFUNCTION("IFNA(REGEXEXTRACT(F96, ""\d{1,2}""),"""")"),"2") -> 2 | P96: =AND(OR(I96="",J96="",L96=""),H96="") -> FALSE
A97: Йо. 16 зач.; 5, 24-30. | B97: =LEFT(A97,FIND(".",A97)) -> Йо. | C97: iv | D97: =MID(A97,FIND(".",A97)+2,FIND(" ",RIGHT(A97,LEN(A97)-FIND(".",A97)-1))-1) -> 16 | F97: Четвер 2-го тижня. Це ж і мертвим у вівторок і в суботу. | H97: * | I97: pascha | J97: 2 | L97: 4 | M97: =IFNA( VLOOKUP(LEFT(F97, IFERROR(FIND(" ", F97, 1),1) - 1), lists!$A$31:$B$37, 2, FALSE),"") -> 4 | N97: =IFERROR(__xludf.DUMMYFUNCTION("IFNA(VLOOKUP(IFNA(REGEXEXTRACT(F97, ""(Пасхи|50-ці|посту)""),""""),lists!$A$39:$B$41,2,FALSE),"""")"),"") | O97: =IFERROR(__xludf.DUMMYFUNCTION("IFNA(REGEXEXTRACT(F97, ""\d{1,2}""),"""")"),"2") -> 2 | P97: =AND(OR(I97="",J97="",L97=""),H97="") -> FALSE
A98: Йо. 17 зач.; 5, 30 – 6, 2. | B98: =LEFT(A98,FIND(".",A98)) -> Йо. | C98: iv | D98: =MID(A98,FIND(".",A98)+2,FIND(" ",RIGHT(A98,LEN(A98)-FIND(".",A98)-1))-1) -> 17 | F98: П'ятниця 2-го тижня | I98: pascha | J98: 2 | L98: 5 | M98: =IFNA( VLOOKUP(LEFT(F98, IFERROR(FIND(" ", F98, 1),1) - 1), lists!$A$31:$B$37, 2, FALSE),"") -> 5 | N98: =IFERROR(__xludf.DUMMYFUNCTION("IFNA(VLOOKUP(IFNA(REGEXEXTRACT(F98, ""(Пасхи|50-ці|посту)""),""""),lists!$A$39:$B$41,2,FALSE),"""")"),"") | O98: =IFERROR(__xludf.DUMMYFUNCTION("IFNA(REGEXEXTRACT(F98, ""\d{1,2}""),"""")"),"2") -> 2 | P98: =AND(OR(I98="",J98="",L98=""),H98="") -> FALSE
A99: Йо. 18 зач.; 6, 5-14. | B99: =LEFT(A99,FIND(".",A99)) -> Йо. | C99: iv | D99: =MID(A99,FIND(".",A99)+2,FIND(" ",RIGHT(A99,LEN(A99)-FIND(".",A99)-1))-1) -> 18 | F99: Середа 5-го тижня | I99: pascha | J99: 5 | L99: 3 | M99: =IFNA( VLOOKUP(LEFT(F99, IFERROR(FIND(" ", F99, 1),1) - 1), lists!$A$31:$B$37, 2, FALSE),"") -> 3 | N99: =IFERROR(__xludf.DUMMYFUNCTION("IFNA(VLOOKUP(IFNA(REGEXEXTRACT(F99, ""(Пасхи|50-ці|посту)""),""""),lists!$A$39:$B$41,2,FALSE),"""")"),"") | O99: =IFERROR(__xludf.DUMMYFUNCTION("IFNA(REGEXEXTRACT(F99, ""\d{1,2}""),"""")"),"5") -> 5 | P99: =AND(OR(I99="",J99="",L99=""),H99="") -> FALSE
A100: Йо. 19 зач.; 6, 14-27. | B100: =LEFT(A100,FIND(".",A100)) -> Йо. | C100: iv | D100: =MID(A100,FIND(".",A100)+2,FIND(" ",RIGHT(A100,LEN(A100)-FIND(".",A100)-1))-1) -> 19 | F100: Субота 2-га після Пасхи | I100: pascha | J100: 2 | L100: 6 | M100: =IFNA( VLOOKUP(LEFT(F100, IFERROR(FIND(" ", F100, 1),1) - 1), lists!$A$31:$B$37, 2, FALSE),"") -> 6 | N100: =IFERROR(__xludf.DUMMYFUNCTION("IFNA(VLOOKUP(IFNA(REGEXEXTRACT(F100, ""(Пасхи|50-ці|посту)""),""""),lists!$A$39:$B$41,2,FALSE),"""")"),"pascha") -> pascha | O100: =IFERROR(__xludf.DUMMYFUNCTION("IFNA(REGEXEXTRACT(F100, ""\d{1,2}""),"""")"),"2") -> 2 | P100: =AND(OR(I100="",J100="",L100=""),H100="") -> FALSE
...

Sheet apostol_menaion
A1: Читання | B1: Книга | C1: # зач. | D1: abc | E1: Присвята | F1: Примітка | G1: Дата (мінея) | H1: Період | I1: Тиждень від | J1: Тиждень до ВП | K1: День тижня | L1: Обч. день тижня | M1: Обч. період | N1: Обч. тиждень | O1: empty?
A2: Ді. 17 зач.; 6, 8 – 7, 5; 47-60. | B2: =LEFT(A2,FIND(".",A2)) -> Ді. | C2: =MID(A2,FIND(".",A2)+2,FIND(" ",RIGHT(A2,LEN(A2)-FIND(".",A2)-1))-1) -> 17 | E2: Понеділок 3-го тижня після Пасхи. Цей і святому Стефанові первомученику | G2: * | H2: pascha | I2: 3 | K2: 1 | L2: =IFNA( VLOOKUP(LEFT(E2, IFERROR(FIND(" ", E2, 1),1) - 1), lists!$A$31:$B$37, 2, FALSE),"") -> 1 | M2: =IFERROR(__xludf.DUMMYFUNCTION("IFNA(VLOOKUP(IFNA(REGEXEXTRACT(E2, ""(Пасхи|50-ці|посту)""),""""),lists!$A$39:$B$41,2,FALSE),"""")"),"pascha") -> pascha | N2: =IFERROR(__xludf.DUMMYFUNCTION("IFNA(REGEXEXTRACT(E2, ""\d{1,2}""),"""")"),"3") -> 3 | O2: =AND(OR(H2="",I2="",K2=""),G2="") -> FALSE
A3: Ді. 21 зач.; 9, 10-19. | B3: =LEFT(A3,FIND(".",A3)) -> Ді. | C3: =MID(A3,FIND(".",A3)+2,FIND(" ",RIGHT(A3,LEN(A3)-FIND(".",A3)-1))-1) -> 21 | D3: b | E3: ап. Ананії | G3: * | L3: =IFNA( VLOOKUP(LEFT(E3, IFERROR(FIND(" ", E3, 1),1) - 1), lists!$A$31:$B$37, 2, FALSE),"") | M3: =IFERROR(__xludf.DUMMYFUNCTION("IFNA(VLOOKUP(IFNA(REGEXEXTRACT(E3, ""(Пасхи|50-ці|посту)""),""""),lists!$A$39:$B$41,2,FALSE),"""")"),"") | N3: =IFERROR(__xludf.DUMMYFUNCTION("IFNA(REGEXEXTRACT(E3, ""\d{1,2}""),"""")"),"") | O3: =AND(OR(H3="",I3="",K3=""),G3="") -> FALSE
A4: Ді. 29 зач.; 12, 1-11. | B4: =LEFT(A4,FIND(".",A4)) -> Ді. | C4: =MID(A4,FIND(".",A4)+2,FIND(" ",RIGHT(A4,LEN(A4)-FIND(".",A4)-1))-1) -> 29 | E4: Субота 4-та після Пасхи. Цей же і святому мученикові Юрієві, і Яковові Заведеєві | G4: * | I4: 4 | K4: 6 | L4: =IFNA( VLOOKUP(LEFT(E4, IFERROR(FIND(" ", E4, 1),1) - 1), lists!$A$31:$B$37, 2, FALSE),"") -> 6 | M4: =IFERROR(__xludf.DUMMYFUNCTION("IFNA(VLOOKUP(IFNA(REGEXEXTRACT(E4, ""(Пасхи|50-ці|посту)""),""""),lists!$A$39:$B$41,2,FALSE),"""")"),"pascha") -> pascha | N4: =IFERROR(__xludf.DUMMYFUNCTION("IFNA(REGEXEXTRACT(E4, ""\d{1,2}""),"""")"),"4") -> 4 | O4: =AND(OR(H4="",I4="",K4=""),G4="") -> FALSE
A5: Ді. 33 зач.; 13, 25-33. | B5: =LEFT(A5,FIND(".",A5)) -> Ді. | C5: =MID(A5,FIND(".",A5)+2,FIND(" ",RIGHT(A5,LEN(A5)-FIND(".",A5)-1))-1) -> 33 | E5: Усікновення голови св. Івана Христителя | G5: * | L5: =IFNA( VLOOKUP(LEFT(E5, IFERROR(FIND(" ", E5, 1),1) - 1), lists!$A$31:$B$37, 2, FALSE),"") | M5: =IFERROR(__xludf.DUMMYFUNCTION("IFNA(VLOOKUP(IFNA(REGEXEXTRACT(E5, ""(Пасхи|50-ці|посту)""),""""),lists!$A$39:$B$41,2,FALSE),"""")"),"") | N5: =IFERROR(__xludf.DUMMYFUNCTION("IFNA(REGEXEXTRACT(E5, ""\d{1,2}""),"""")"),"") | O5: =AND(OR(H5="",I5="",K5=""),G5="") -> FALSE
A6: Ді. 40 зач.; 17, 16-34. | B6: =LEFT(A6,FIND(".",A6)) -> Ді. | C6: =MID(A6,FIND(".",A6)+2,FIND(" ",RIGHT(A6,LEN(A6)-FIND(".",A6)-1))-1) -> 40 | D6: b | E6: Святому Діонисієві Ареопагітові | G6: * | L6: =IFNA( VLOOKUP(LEFT(E6, IFERROR(FIND(" ", E6, 1),1) - 1), lists!$A$31:$B$37, 2, FALSE),"") | M6: =IFERROR(__xludf.DUMMYFUNCTION("IFNA(VLOOKUP(IFNA(REGEXEXTRACT(E6, ""(Пасхи|50-ці|посту)""),""""),lists!$A$39:$B$41,2,FALSE),"""")"),"") | N6: =IFERROR(__xludf.DUMMYFUNCTION("IFNA(REGEXEXTRACT(E6, ""\d{1,2}""),"""")"),"") | O6: =AND(OR(H6="",I6="",K6=""),G6="") -> FALSE
A7: Ді. 40 зач.; 18, 1-11. | B7: =LEFT(A7,FIND(".",A7)) -> Ді. | C7: =MID(A7,FIND(".",A7)+2,FIND(" ",RIGHT(A7,LEN(A7)-FIND(".",A7)-1))-1) -> 40 | D7: c | E7: На заснування і оновлення міста | G7: * | L7: =IFNA( VLOOKUP(LEFT(E7, IFERROR(FIND(" ", E7, 1),1) - 1), lists!$A$31:$B$37, 2, FALSE),"") | M7: =IFERROR(__xludf.DUMMYFUNCTION("IFNA(VLOOKUP(IFNA(REGEXEXTRACT(E7, ""(Пасхи|50-ці|посту)""),""""),lists!$A$39:$B$41,2,FALSE),"""")"),"") | N7: =IFERROR(__xludf.DUMMYFUNCTION("IFNA(REGEXEXTRACT(E7, ""\d{1,2}""),"""")"),"") | O7: =AND(OR(H7="",I7="",K7=""),G7="") -> FALSE
A8: Ді. 42 зач.; 19, 1-8. | B8: =LEFT(A8,FIND(".",A8)) -> Ді. | C8: =MID(A8,FIND(".",A8)+2,FIND(" ",RIGHT(A8,LEN(A8)-FIND(".",A8)-1))-1) -> 42 | E8: П'ятниця 6-го тижня після Пасхи. Це й 8-го січня, Христителеві | G8: * | H8: pascha | I8: 6 | K8: 5 | L8: =IFNA( VLOOKUP(LEFT(E8, IFERROR(FIND(" ", E8, 1),1) - 1), lists!$A$31:$B$37, 2, FALSE),"") -> 5 | M8: =IFERROR(__xludf.DUMMYFUNCTION("IFNA(VLOOKUP(IFNA(REGEXEXTRACT(E8, ""(Пасхи|50-ці|посту)""),""""),lists!$A$39:$B$41,2,FALSE),"""")"),"pascha") -> pascha | N8: =IFERROR(__xludf.DUMMYFUNCTION("IFNA(REGEXEXTRACT(E8, ""\d{1,2}""),"""")"),"6") -> 6 | O8: =AND(OR(H8="",I8="",K8=""),G8="") -> FALSE
A9: Ді. 49 зач.; 26, 1-5; 12-20. | B9: =LEFT(A9,FIND(".",A9)) -> Ді. | C9: =MID(A9,FIND(".",A9)+2,FIND(" ",RIGHT(A9,LEN(A9)-FIND(".",A9)-1))-1) -> 49 | E9: 21-го травня, цареві Константинові | G9: * | I9: 21 | L9: =IFNA( VLOOKUP(LEFT(E9, IFERROR(FIND(" ", E9, 1),1) - 1), lists!$A$31:$B$37, 2, FALSE),"") | M9: =IFERROR(__xludf.DUMMYFUNCTION("IFNA(VLOOKUP(IFNA(REGEXEXTRACT(E9, ""(Пасхи|50-ці|посту)""),""""),lists!$A$39:$B$41,2,FALSE),"""")"),"") | N9: =IFERROR(__xludf.DUMMYFUNCTION("IFNA(REGEXEXTRACT(E9, ""\d{1,2}""),"""")"),"21") -> 21 | O9: =AND(OR(H9="",I9="",K9=""),G9="") -> FALSE
A10: Як. 57 зач.; 5, 10-20. | B10: =LEFT(A10,FIND(".",A10)) -> Як. | C10: =MID(A10,FIND(".",A10)+2,FIND(" ",RIGHT(A10,LEN(A10)-FIND(".",A10)-1))-1) -> 57 | E10: 20-го липня, пророкові Іллі. Цей же й над хворими | G10: * | I10: 20 | L10: =IFNA( VLOOKUP(LEFT(E10, IFERROR(FIND(" ", E10, 1),1) - 1), lists!$A$31:$B$37, 2, FALSE),"") | M10: =IFERROR(__xludf.DUMMYFUNCTION("IFNA(VLOOKUP(IFNA(REGEXEXTRACT(E10, ""(Пасхи|50-ці|посту)""),""""),lists!$A$39:$B$41,2,FALSE),"""")"),"") | N10: =IFERROR(__xludf.DUMMYFUNCTION("IFNA(REGEXEXTRACT(E10, ""\d{1,2}""),"""")"),"20") -> 20 | O10: =AND(OR(H10="",I10="",K10=""),G10="") -> FALSE
A11: 1 Пт. 63 зач.; 5, 6-14. | B11: =LEFT(A11,FIND(".",A11)) -> 1 Пт. | C11: =MID(A11,FIND(".",A11)+2,FIND(" ",RIGHT(A11,LEN(A11)-FIND(".",A11)-1))-1) -> 63 | E11: Євангелистові Маркові | G11: * | L11: =IFNA( VLOOKUP(LEFT(E11, IFERROR(FIND(" ", E11, 1),1) - 1), lists!$A$31:$B$37, 2, FALSE),"") | M11: =IFERROR(__xludf.DUMMYFUNCTION("IFNA(VLOOKUP(IFNA(REGEXEXTRACT(E11, ""(Пасхи|50-ці|посту)""),""""),lists!$A$39:$B$41,2,FALSE),"""")"),"") | N11: =IFERROR(__xludf.DUMMYFUNCTION("IFNA(REGEXEXTRACT(E11, ""\d{1,2}""),"""")"),"") | O11: =AND(OR(H11="",I11="",K11=""),G11="") -> FALSE
A12: 2 Пт. 65 зач.; 1, 10-19. | B12: =LEFT(A12,FIND(".",A12)) -> 2 Пт. | C12: =MID(A12,FIND(".",A12)+2,FIND(" ",RIGHT(A12,LEN(A12)-FIND(".",A12)-1))-1) -> 65 | E12: На Преображення Господнє | G12: * | L12: =IFNA( VLOOKUP(LEFT(E12, IFERROR(FIND(" ", E12, 1),1) - 1), lists!$A$31:$B$37, 2, FALSE),"") | M12: =IFERROR(__xludf.DUMMYFUNCTION("IFNA(VLOOKUP(IFNA(REGEXEXTRACT(E12, ""(Пасхи|50-ці|посту)""),""""),lists!$A$39:$B$41,2,FALSE),"""")"),"") | N12: =IFERROR(__xludf.DUMMYFUNCTION("IFNA(REGEXEXTRACT(E12, ""\d{1,2}""),"""")"),"") | O12: =AND(OR(H12="",I12="",K12=""),G12="") -> FALSE
A13: 1 Йо. 68 зач.; 1, 1-7. | B13: =LEFT(A13,FIND(".",A13)) -> 1 Йо. | C13: =MID(A13,FIND(".",A13)+2,FIND(" ",RIGHT(A13,LEN(A13)-FIND(".",A13)-1))-1) -> 68 | D13: b | E13: 8-го травня, св. Івана Богослова | G13: * | I13: 8 | L13: =IFNA( VLOOKUP(LEFT(E13, IFERROR(FIND(" ", E13, 1),1) - 1), lists!$A$31:$B$37, 2, FALSE),"") | M13: =IFERROR(__xludf.DUMMYFUNCTION("IFNA(VLOOKUP(IFNA(REGEXEXTRACT(E13, ""(Пасхи|50-ці|посту)""),""""),lists!$A$39:$B$41,2,FALSE),"""")"),"") | N13: =IFERROR(__xludf.DUMMYFUNCTION("IFNA(REGEXEXTRACT(E13, ""\d{1,2}""),"""")"),"8") -> 8 | O13: =AND(OR(H13="",I13="",K13=""),G13="") -> FALSE
A14: 1 Йо. 73 зач.; 4, 12-19. | B14: =LEFT(A14,FIND(".",A14)) -> 1 Йо. | C14: =MID(A14,FIND(".",A14)+2,FIND(" ",RIGHT(A14,LEN(A14)-FIND(".",A14)-1))-1) -> 73 | D14: a | E14: 26-го вересня, переставлення Апостола Івана Богослова | G14: * | I14: 26 | L14: =IFNA( VLOOKUP(LEFT(E14, IFERROR(FIND(" ", E14, 1),1) - 1), lists!$A$31:$B$37, 2, FALSE),"") | M14: =IFERROR(__xludf.DUMMYFUNCTION("IFNA(VLOOKUP(IFNA(REGEXEXTRACT(E14, ""(Пасхи|50-ці|посту)""),""""),lists!$A$39:$B$41,2,FALSE),"""")"),"") | N14: =IFERROR(__xludf.DUMMYFUNCTION("IFNA(REGEXEXTRACT(E14, ""\d{1,2}""),"""")"),"26") -> 26 | O14: =AND(OR(H14="",I14="",K14=""),G14="") -> FALSE
A15: 1 Йо. 73 зач.; 4, 11-16. | B15: =LEFT(A15,FIND(".",A15)) -> 1 Йо. | C15: =MID(A15,FIND(".",A15)+2,FIND(" ",RIGHT(A15,LEN(A15)-FIND(".",A15)-1))-1) -> 73 | D15: c | E15: Друга паремія | G15: * | L15: =IFNA( VLOOKUP(LEFT(E15, IFERROR(FIND(" ", E15, 1),1) - 1), lists!$A$31:$B$37, 2, FALSE),"") | M15: =IFERROR(__xludf.DUMMYFUNCTION("IFNA(VLOOKUP(IFNA(REGEXEXTRACT(E15, ""(Пасхи|50-ці|посту)""),""""),lists!$A$39:$B$41,2,FALSE),"""")"),"") | N15: =IFERROR(__xludf.DUMMYFUNCTION("IFNA(REGEXEXTRACT(E15, ""\d{1,2}""),"""")"),"") | O15: =AND(OR(H15="",I15="",K15=""),G15="") -> FALSE
A16: Рим. 88 зач.; 5, 6-11. | B16: =LEFT(A16,FIND(".",A16)) -> Рим. | C16: =MID(A16,FIND(".",A16)+2,FIND(" ",RIGHT(A16,LEN(A16)-FIND(".",A16)-1))-1) -> 88 | D16: b | E16: На 3-му Часі Великої п'ятниці | G16: * | I16: 3 | L16: =IFNA( VLOOKUP(LEFT(E16, IFERROR(FIND(" ", E16, 1),1) - 1), lists!$A$31:$B$37, 2, FALSE),"") | M16: =IFERROR(__xludf.DUMMYFUNCTION("IFNA(VLOOKUP(IFNA(REGEXEXTRACT(E16, ""(Пасхи|50-ці|посту)""),""""),lists!$A$39:$B$41,2,FALSE),"""")"),"") | N16: =IFERROR(__xludf.DUMMYFUNCTION("IFNA(REGEXEXTRACT(E16, ""\d{1,2}""),"""")"),"3") -> 3 | O16: =AND(OR(H16="",I16="",K16=""),G16="") -> FALSE
A17: Рим. 96 зач.; 8, 3-9. | B17: =LEFT(A17,FIND(".",A17)) -> Рим. | C17: =MID(A17,FIND(".",A17)+2,FIND(" ",RIGHT(A17,LEN(A17)-FIND(".",A17)-1))-1) -> 96 | D17: b | E17: 28-го грудня | G17: * | I17: 28 | L17: =IFNA( VLOOKUP(LEFT(E17, IFERROR(FIND(" ", E17, 1),1) - 1), lists!$A$31:$B$37, 2, FALSE),"") | M17: =IFERROR(__xludf.DUMMYFUNCTION("IFNA(VLOOKUP(IFNA(REGEXEXTRACT(E17, ""(Пасхи|50-ці|посту)""),""""),lists!$A$39:$B$41,2,FALSE),"""")"),"") | N17: =IFERROR(__xludf.DUMMYFUNCTION("IFNA(REGEXEXTRACT(E17, ""\d{1,2}""),"""")"),"28") -> 28 | O17: =AND(OR(H17="",I17="",K17=""),G17="") -> FALSE
A18: Рим. 96 зач.; 8, 8-14. | B18: =LEFT(A18,FIND(".",A18)) -> Рим. | C18: =MID(A18,FIND(".",A18)+2,FIND(" ",RIGHT(A18,LEN(A18)-FIND(".",A18)-1))-1) -> 96 | D18: c | E18: 4-го січня | G18: * | I18: 4 | L18: =IFNA( VLOOKUP(LEFT(E18, IFERROR(FIND(" ", E18, 1),1) - 1), lists!$A$31:$B$37, 2, FALSE),"") | M18: =IFERROR(__xludf.DUMMYFUNCTION("IFNA(VLOOKUP(IFNA(REGEXEXTRACT(E18, ""(Пасхи|50-ці|посту)""),""""),lists!$A$39:$B$41,2,FALSE),"""")"),"") | N18: =IFERROR(__xludf.DUMMYFUNCTION("IFNA(REGEXEXTRACT(E18, ""\d{1,2}""),"""")"),"4") -> 4 | O18: =AND(OR(H18="",I18="",K18=""),G18="") -> FALSE
A19: Рим. 99 зач.; 8, 28-39. | B19: =LEFT(A19,FIND(".",A19)) -> Рим. | C19: =MID(A19,FIND(".",A19)+2,FIND(" ",RIGHT(A19,LEN(A19)-FIND(".",A19)-1))-1) -> 99 | E19: Всім святим українського народу. Святим великомученикам | G19: * | H19: pentecost | I19: 2 | K19: 7 | L19: =IFNA( VLOOKUP(LEFT(E19, IFERROR(FIND(" ", E19, 1),1) - 1), lists!$A$31:$B$37, 2, FALSE),"") | M19: =IFERROR(__xludf.DUMMYFUNCTION("IFNA(VLOOKUP(IFNA(REGEXEXTRACT(E19, ""(Пасхи|50-ці|посту)""),""""),lists!$A$39:$B$41,2,FALSE),"""")"),"") | N19: =IFERROR(__xludf.DUMMYFUNCTION("IFNA(REGEXEXTRACT(E19, ""\d{1,2}""),"""")"),"") | O19: =AND(OR(H19="",I19="",K19=""),G19="") -> FALSE
A20: Рим. 112 зач.; 13, 11 – 14, 4. | B20: =LEFT(A20,FIND(".",A20)) -> Рим. | C20: =MID(A20,FIND(".",A20)+2,FIND(" ",RIGHT(A20,LEN(A20)-FIND(".",A20)-1))-1) -> 112 | E20: Неділя сиропусна. Цей і на різдво Івана Предтечі | G20: * | H20: lent | I20: 36 | J20: 1 | K20: 7 | L20: =IFNA( VLOOKUP(LEFT(E20, IFERROR(FIND(" ", E20, 1),1) - 1), lists!$A$31:$B$37, 2, FALSE),"") -> 7 | M20: =IFERROR(__xludf.DUMMYFUNCTION("IFNA(VLOOKUP(IFNA(REGEXEXTRACT(E20, ""(Пасхи|50-ці|посту)""),""""),lists!$A$39:$B$41,2,FALSE),"""")"),"") | N20: =IFERROR(__xludf.DUMMYFUNCTION("IFNA(REGEXEXTRACT(E20, ""\d{1,2}""),"""")"),"") | O20: =AND(OR(H20="",I20="",K20=""),G20="") -> FALSE
A21: Рим. 113 зач.; 14, 6-9. | B21: =LEFT(A21,FIND(".",A21)) -> Рим. | C21: =MID(A21,FIND(".",A21)+2,FIND(" ",RIGHT(A21,LEN(A21)-FIND(".",A21)-1))-1) -> 113 | E21: Субота 9-та після 50-ці. Цей і за померлих у понеділок. | G21: * | H21: pentecost | I21: 9 | K21: 6 | L21: =IFNA( VLOOKUP(LEFT(E21, IFERROR(FIND(" ", E21, 1),1) - 1), lists!$A$31:$B$37, 2, FALSE),"") -> 6 | M21: =IFERROR(__xludf.DUMMYFUNCTION("IFNA(VLOOKUP(IFNA(REGEXEXTRACT(E21, ""(Пасхи|50-ці|посту)""),""""),lists!$A$39:$B$41,2,FALSE),"""")"),"pentecost") -> pentecost | N21: =IFERROR(__xludf.DUMMYFUNCTION("IFNA(REGEXEXTRACT(E21, ""\d{1,2}""),"""")"),"9") -> 9 | O21: =AND(OR(H21="",I21="",K21=""),G21="") -> FALSE
A22: 1 Кор. 125 зач.; 1, 18-24. | B22: =LEFT(A22,FIND(".",A22)) -> 1 Кор. | C22: =MID(A22,FIND(".",A22)+2,FIND(" ",RIGHT(A22,LEN(A22)-FIND(".",A22)-1))-1) -> 125 | D22: b | E22: Воздвиження Хреста | G22: * | L22: =IFNA( VLOOKUP(LEFT(E22, IFERROR(FIND(" ", E22, 1),1) - 1), lists!$A$31:$B$37, 2, FALSE),"") | M22: =IFERROR(__xludf.DUMMYFUNCTION("IFNA(VLOOKUP(IFNA(REGEXEXTRACT(E22, ""(Пасхи|50-ці|посту)""),""""),lists!$A$39:$B$41,2,FALSE),"""")"),"") | N22: =IFERROR(__xludf.DUMMYFUNCTION("IFNA(REGEXEXTRACT(E22, ""\d{1,2}""),"""")"),"") | O22: =AND(OR(H22="",I22="",K22=""),G22="") -> FALSE
A23: 1 Кор. 125 зач.; 1, 26-29. | B23: =LEFT(A23,FIND(".",A23)) -> 1 Кор. | C23: =MID(A23,FIND(".",A23)+2,FIND(" ",RIGHT(A23,LEN(A23)-FIND(".",A23)-1))-1) -> 125 | D23: c | E23: Субота 12-та після 50-ці. Цей і у суботу після Воздвиження | G23: * | H23: pentecost | I23: 12 | K23: 6 | L23: =IFNA( VLOOKUP(LEFT(E23, IFERROR(FIND(" ", E23, 1),1) - 1), lists!$A$31:$B$37, 2, FALSE),"") -> 6 | M23: =IFERROR(__xludf.DUMMYFUNCTION("IFNA(VLOOKUP(IFNA(REGEXEXTRACT(E23, ""(Пасхи|50-ці|посту)""),""""),lists!$A$39:$B$41,2,FALSE),"""")"),"pentecost") -> pentecost | N23: =IFERROR(__xludf.DUMMYFUNCTION("IFNA(REGEXEXTRACT(E23, ""\d{1,2}""),"""")"),"12") -> 12 | O23: =AND(OR(H23="",I23="",K23=""),G23="") -> FALSE
A24: 1 Кор. 126 зач.; 2, 6-9. | B24: =LEFT(A24,FIND(".",A24)) -> 1 Кор. | C24: =MID(A24,FIND(".",A24)+2,FIND(" ",RIGHT(A24,LEN(A24)-FIND(".",A24)-1))-1) -> 126 | E24: Субота 13-та після 50-ці. Цей і у суботу перед Воздвиженням | G24: * | H24: pentecost | I24: 13 | K24: 6 | L24: =IFNA( VLOOKUP(LEFT(E24, IFERROR(FIND(" ", E24, 1),1) - 1), lists!$A$31:$B$37, 2, FALSE),"") -> 6 | M24: =IFERROR(__xludf.DUMMYFUNCTION("IFNA(VLOOKUP(IFNA(REGEXEXTRACT(E24, ""(Пасхи|50-ці|посту)""),""""),lists!$A$39:$B$41,2,FALSE),"""")"),"pentecost") -> pentecost | N24: =IFERROR(__xludf.DUMMYFUNCTION("IFNA(REGEXEXTRACT(E24, ""\d{1,2}""),"""")"),"13") -> 13 | O24: =AND(OR(H24="",I24="",K24=""),G24="") -> FALSE
A25: 1 Кор. 133 зач.; 5, 6-8. | B25: =LEFT(A25,FIND(".",A25)) -> 1 Кор. | C25: =MID(A25,FIND(".",A25)+2,FIND(" ",RIGHT(A25,LEN(A25)-FIND(".",A25)-1))-1) -> 133 | E25: Свята й велика субота на Утрені | G25: * | L25: =IFNA( VLOOKUP(LEFT(E25, IFERROR(FIND(" ", E25, 1),1) - 1), lists!$A$31:$B$37, 2, FALSE),"") | M25: =IFERROR(__xludf.DUMMYFUNCTION("IFNA(VLOOKUP(IFNA(REGEXEXTRACT(E25, ""(Пасхи|50-ці|посту)""),""""),lists!$A$39:$B$41,2,FALSE),"""")"),"") | N25: =IFERROR(__xludf.DUMMYFUNCTION("IFNA(REGEXEXTRACT(E25, ""\d{1,2}""),"""")"),"") | O25: =AND(OR(H25="",I25="",K25=""),G25="") -> FALSE
A26: 1 Кор. 143 зач.; 9, 19 – 10, 4. | B26: =LEFT(A26,FIND(".",A26)) -> 1 Кор. | C26: =MID(A26,FIND(".",A26)+2,FIND(" ",RIGHT(A26,LEN(A26)-FIND(".",A26)-1))-1) -> 143 | D26: с | E26: В навечір'я Просвіщення, поза постом | G26: * | L26: =IFNA( VLOOKUP(LEFT(E26, IFERROR(FIND(" ", E26, 1),1) - 1), lists!$A$31:$B$37, 2, FALSE),"") | M26: =IFERROR(__xludf.DUMMYFUNCTION("IFNA(VLOOKUP(IFNA(REGEXEXTRACT(E26, ""(Пасхи|50-ці|посту)""),""""),lists!$A$39:$B$41,2,FALSE),"""")"),"") | N26: =IFERROR(__xludf.DUMMYFUNCTION("IFNA(REGEXEXTRACT(E26, ""\d{1,2}""),"""")"),"") | O26: =AND(OR(H26="",I26="",K26=""),G26="") -> FALSE
A27: 1 Кор. 143 зач.; 9, 19-27. | B27: =LEFT(A27,FIND(".",A27)) -> 1 Кор. | C27: =MID(A27,FIND(".",A27)+2,FIND(" ",RIGHT(A27,LEN(A27)-FIND(".",A27)-1))-1) -> 143 | D27: a | E27: В навечір'я Просвіщення, в часі посту | G27: * | H27: lent | L27: =IFNA( VLOOKUP(LEFT(E27, IFERROR(FIND(" ", E27, 1),1) - 1), lists!$A$31:$B$37, 2, FALSE),"") | M27: =IFERROR(__xludf.DUMMYFUNCTION("IFNA(VLOOKUP(IFNA(REGEXEXTRACT(E27, ""(Пасхи|50-ці|посту)""),""""),lists!$A$39:$B$41,2,FALSE),"""")"),"lent") -> lent | N27: =IFERROR(__xludf.DUMMYFUNCTION("IFNA(REGEXEXTRACT(E27, ""\d{1,2}""),"""")"),"") | O27: =AND(OR(H27="",I27="",K27=""),G27="") -> FALSE
A28: 1 Кор. 143 зач.; 10, 1-4. | B28: =LEFT(A28,FIND(".",A28)) -> 1 Кор. | C28: =MID(A28,FIND(".",A28)+2,FIND(" ",RIGHT(A28,LEN(A28)-FIND(".",A28)-1))-1) -> 143 | D28: b | E28: На освячення води | G28: * | L28: =IFNA( VLOOKUP(LEFT(E28, IFERROR(FIND(" ", E28, 1),1) - 1), lists!$A$31:$B$37, 2, FALSE),"") | M28: =IFERROR(__xludf.DUMMYFUNCTION("IFNA(VLOOKUP(IFNA(REGEXEXTRACT(E28, ""(Пасхи|50-ці|посту)""),""""),lists!$A$39:$B$41,2,FALSE),"""")"),"") | N28: =IFERROR(__xludf.DUMMYFUNCTION("IFNA(REGEXEXTRACT(E28, ""\d{1,2}""),"""")"),"") | O28: =AND(OR(H28="",I28="",K28=""),G28="") -> FALSE
A29: 1 Кор. 151 зач.; 12, 7-11. | B29: =LEFT(A29,FIND(".",A29)) -> 1 Кор. | C29: =MID(A29,FIND(".",A29)+2,FIND(" ",RIGHT(A29,LEN(A29)-FIND(".",A29)-1))-1) -> 151 | E29: 17-го листопада, святому Григорію | G29: * | I29: 17 | L29: =IFNA( VLOOKUP(LEFT(E29, IFERROR(FIND(" ", E29, 1),1) - 1), lists!$A$31:$B$37, 2, FALSE),"") | M29: =IFERROR(__xludf.DUMMYFUNCTION("IFNA(VLOOKUP(IFNA(REGEXEXTRACT(E29, ""(Пасхи|50-ці|посту)""),""""),lists!$A$39:$B$41,2,FALSE),"""")"),"") | N29: =IFERROR(__xludf.DUMMYFUNCTION("IFNA(REGEXEXTRACT(E29, ""\d{1,2}""),"""")"),"17") -> 17 | O29: =AND(OR(H29="",I29="",K29=""),G29="") -> FALSE
A30: 1 Кор. 153 зач.; 12, 27 – 13, 8. | B30: =LEFT(A30,FIND(".",A30)) -> 1 Кор. | C30: =MID(A30,FIND(".",A30)+2,FIND(" ",RIGHT(A30,LEN(A30)-FIND(".",A30)-1))-1) -> 153 | E30: Святим безсребреникам | G30: * | L30: =IFNA( VLOOKUP(LEFT(E30, IFERROR(FIND(" ", E30, 1),1) - 1), lists!$A$31:$B$37, 2, FALSE),"") | M30: =IFERROR(__xludf.DUMMYFUNCTION("IFNA(VLOOKUP(IFNA(REGEXEXTRACT(E30, ""(Пасхи|50-ці|посту)""),""""),lists!$A$39:$B$41,2,FALSE),"""")"),"") | N30: =IFERROR(__xludf.DUMMYFUNCTION("IFNA(REGEXEXTRACT(E30, ""\d{1,2}""),"""")"),"") | O30: =AND(OR(H30="",I30="",K30=""),G30="") -> FALSE
A31: 1 Кор. 154 зач.; 13, 11 – 14, 5. | B31: =LEFT(A31,FIND(".",A31)) -> 1 Кор. | C31: =MID(A31,FIND(".",A31)+2,FIND(" ",RIGHT(A31,LEN(A31)-FIND(".",A31)-1))-1) -> 154 | D31: b | E31: Кирикові і Юліті | G31: * | L31: =IFNA( VLOOKUP(LEFT(E31, IFERROR(FIND(" ", E31, 1),1) - 1), lists!$A$31:$B$37, 2, FALSE),"") | M31: =IFERROR(__xludf.DUMMYFUNCTION("IFNA(VLOOKUP(IFNA(REGEXEXTRACT(E31, ""(Пасхи|50-ці|посту)""),""""),lists!$A$39:$B$41,2,FALSE),"""")"),"") | N31: =IFERROR(__xludf.DUMMYFUNCTION("IFNA(REGEXEXTRACT(E31, ""\d{1,2}""),"""")"),"") | O31: =AND(OR(H31="",I31="",K31=""),G31="") -> FALSE
A32: 1 Кор. 160 зач.; 15, 20-28. | B32: =LEFT(A32,FIND(".",A32)) -> 1 Кор. | C32: =MID(A32,FIND(".",A32)+2,FIND(" ",RIGHT(A32,LEN(A32)-FIND(".",A32)-1))-1) -> 160 | E32: За померлих | G32: * | L32: =IFNA( VLOOKUP(LEFT(E32, IFERROR(FIND(" ", E32, 1),1) - 1), lists!$A$31:$B$37, 2, FALSE),"") | M32: =IFERROR(__xludf.DUMMYFUNCTION("IFNA(VLOOKUP(IFNA(REGEXEXTRACT(E32, ""(Пасхи|50-ці|посту)""),""""),lists!$A$39:$B$41,2,FALSE),"""")"),"") | N32: =IFERROR(__xludf.DUMMYFUNCTION("IFNA(REGEXEXTRACT(E32, ""\d{1,2}""),"""")"),"") | O32: =AND(OR(H32="",I32="",K32=""),G32="") -> FALSE
A33: 1 Кор. 163 зач.; 15, 47-57. | B33: =LEFT(A33,FIND(".",A33)) -> 1 Кор. | C33: =MID(A33,FIND(".",A33)+2,FIND(" ",RIGHT(A33,LEN(A33)-FIND(".",A33)-1))-1) -> 163 | E33: За померлих | G33: * | L33: =IFNA( VLOOKUP(LEFT(E33, IFERROR(FIND(" ", E33, 1),1) - 1), lists!$A$31:$B$37, 2, FALSE),"") | M33: =IFERROR(__xludf.DUMMYFUNCTION("IFNA(VLOOKUP(IFNA(REGEXEXTRACT(E33, ""(Пасхи|50-ці|посту)""),""""),lists!$A$39:$B$41,2,FALSE),"""")"),"") | N33: =IFERROR(__xludf.DUMMYFUNCTION("IFNA(REGEXEXTRACT(E33, ""\d{1,2}""),"""")"),"") | O33: =AND(OR(H33="",I33="",K33=""),G33="") -> FALSE
A34: 2 Кор. 167 зач.; 1, 3-7. | B34: =LEFT(A34,FIND(".",A34)) -> 2 Кор. | C34: =MID(A34,FIND(".",A34)+2,FIND(" ",RIGHT(A34,LEN(A34)-FIND(".",A34)-1))-1) -> 167 | D34: b | E34: Великомученикам | G34: * | L34: =IFNA( VLOOKUP(LEFT(E34, IFERROR(FIND(" ", E34, 1),1) - 1), lists!$A$31:$B$37, 2, FALSE),"") | M34: =IFERROR(__xludf.DUMMYFUNCTION("IFNA(VLOOKUP(IFNA(REGEXEXTRACT(E34, ""(Пасхи|50-ці|посту)""),""""),lists!$A$39:$B$41,2,FALSE),"""")"),"") | N34: =IFERROR(__xludf.DUMMYFUNCTION("IFNA(REGEXEXTRACT(E34, ""\d{1,2}""),"""")"),"") | O34: =AND(OR(H34="",I34="",K34=""),G34="") -> FALSE
A35: 2 Кор. 173 зач.; 3, 4-11. | B35: =LEFT(A35,FIND(".",A35)) -> 2 Кор. | C35: =MID(A35,FIND(".",A35)+2,FIND(" ",RIGHT(A35,LEN(A35)-FIND(".",A35)-1))-1) -> 173 | E35: Середа 11-го тижня після 50-ці. Той же і святому обрусові | G35: * | H35: pentecost | I35: 11 | K35: 3 | L35: =IFNA( VLOOKUP(LEFT(E35, IFERROR(FIND(" ", E35, 1),1) - 1), lists!$A$31:$B$37, 2, FALSE),"") -> 3 | M35: =IFERROR(__xludf.DUMMYFUNCTION("IFNA(VLOOKUP(IFNA(REGEXEXTRACT(E35, ""(Пасхи|50-ці|посту)""),""""),lists!$A$39:$B$41,2,FALSE),"""")"),"pentecost") -> pentecost | N35: =IFERROR(__xludf.DUMMYFUNCTION("IFNA(REGEXEXTRACT(E35, ""\d{1,2}""),"""")"),"11") -> 11 | O35: =AND(OR(H35="",I35="",K35=""),G35="") -> FALSE
A36: 2 Кор. 176 зач.; 4, 6-15. | B36: =LEFT(A36,FIND(".",A36)) -> 2 Кор. | C36: =MID(A36,FIND(".",A36)+2,FIND(" ",RIGHT(A36,LEN(A36)-FIND(".",A36)-1))-1) -> 176 | E36: Неділя 15-та після 50-ці. Цей і преподобним | G36: * | H36: pentecost | I36: 15 | K36: 7 | L36: =IFNA( VLOOKUP(LEFT(E36, IFERROR(FIND(" ", E36, 1),1) - 1), lists!$A$31:$B$37, 2, FALSE),"") -> 7 | M36: =IFERROR(__xludf.DUMMYFUNCTION("IFNA(VLOOKUP(IFNA(REGEXEXTRACT(E36, ""(Пасхи|50-ці|посту)""),""""),lists!$A$39:$B$41,2,FALSE),"""")"),"pentecost") -> pentecost | N36: =IFERROR(__xludf.DUMMYFUNCTION("IFNA(REGEXEXTRACT(E36, ""\d{1,2}""),"""")"),"15") -> 15 | O36: =AND(OR(H36="",I36="",K36=""),G36="") -> FALSE
A37: 2 Кор. 178 зач.; 5, 1-10. | B37: =LEFT(A37,FIND(".",A37)) -> 2 Кор. | C37: =MID(A37,FIND(".",A37)+2,FIND(" ",RIGHT(A37,LEN(A37)-FIND(".",A37)-1))-1) -> 178 | E37: Субота 22-га після 50-ці. Цей і в середу умерлим | G37: * | H37: pentecost | I37: 22 | K37: 6 | L37: =IFNA( VLOOKUP(LEFT(E37, IFERROR(FIND(" ", E37, 1),1) - 1), lists!$A$31:$B$37, 2, FALSE),"") -> 6 | M37: =IFERROR(__xludf.DUMMYFUNCTION("IFNA(VLOOKUP(IFNA(REGEXEXTRACT(E37, ""(Пасхи|50-ці|посту)""),""""),lists!$A$39:$B$41,2,FALSE),"""")"),"pentecost") -> pentecost | N37: =IFERROR(__xludf.DUMMYFUNCTION("IFNA(REGEXEXTRACT(E37, ""\d{1,2}""),"""")"),"22") -> 22 | O37: =AND(OR(H37="",I37="",K37=""),G37="") -> FALSE
A38: 2 Кор. 181 зач.; 6, 1-10. | B38: =LEFT(A38,FIND(".",A38)) -> 2 Кор. | C38: =MID(A38,FIND(".",A38)+2,FIND(" ",RIGHT(A38,LEN(A38)-FIND(".",A38)-1))-1) -> 181 | E38: Неділя 16-та після 50-ці. Цей же й мученикам | G38: * | H38: pentecost | I38: 16 | K38: 7 | L38: =IFNA( VLOOKUP(LEFT(E38, IFERROR(FIND(" ", E38, 1),1) - 1), lists!$A$31:$B$37, 2, FALSE),"") -> 7 | M38: =IFERROR(__xludf.DUMMYFUNCTION("IFNA(VLOOKUP(IFNA(REGEXEXTRACT(E38, ""(Пасхи|50-ці|посту)""),""""),lists!$A$39:$B$41,2,FALSE),"""")"),"pentecost") -> pentecost | N38: =IFERROR(__xludf.DUMMYFUNCTION("IFNA(REGEXEXTRACT(E38, ""\d{1,2}""),"""")"),"16") -> 16 | O38: =AND(OR(H38="",I38="",K38=""),G38="") -> FALSE
A39: 2 Кор. 193 зач.; 11, 21 – 12, 9. | B39: =LEFT(A39,FIND(".",A39)) -> 2 Кор. | C39: =MID(A39,FIND(".",A39)+2,FIND(" ",RIGHT(A39,LEN(A39)-FIND(".",A39)-1))-1) -> 193 | E39: 29-го червня, святим апостолам | G39: * | L39: =IFNA( VLOOKUP(LEFT(E39, IFERROR(FIND(" ", E39, 1),1) - 1), lists!$A$31:$B$37, 2, FALSE),"") | M39: =IFERROR(__xludf.DUMMYFUNCTION("IFNA(VLOOKUP(IFNA(REGEXEXTRACT(E39, ""(Пасхи|50-ці|посту)""),""""),lists!$A$39:$B$41,2,FALSE),"""")"),"") | N39: =IFERROR(__xludf.DUMMYFUNCTION("IFNA(REGEXEXTRACT(E39, ""\d{1,2}""),"""")"),"29") -> 29 | O39: =AND(OR(H39="",I39="",K39=""),G39="") -> FALSE
A40: Гал. 200 зач.; 1, 11-19. | B40: =LEFT(A40,FIND(".",A40)) -> Гал. | C40: =MID(A40,FIND(".",A40)+2,FIND(" ",RIGHT(A40,LEN(A40)-FIND(".",A40)-1))-1) -> 200 | E40: Неділя 20-та після 50-ці. Цей же і в неділю після Різдва Христового | F40: П'ятниця 14-го тижня після 50-ці | G40: * | H40: pentecost | I40: 20 | K40: 7 | L40: =IFNA( VLOOKUP(LEFT(E40, IFERROR(FIND(" ", E40, 1),1) - 1), lists!$A$31:$B$37, 2, FALSE),"") -> 7 | M40: =IFERROR(__xludf.DUMMYFUNCTION("IFNA(VLOOKUP(IFNA(REGEXEXTRACT(E40, ""(Пасхи|50-ці|посту)""),""""),lists!$A$39:$B$41,2,FALSE),"""")"),"pentecost") -> pentecost | N40: =IFERROR(__xludf.DUMMYFUNCTION("IFNA(REGEXEXTRACT(E40, ""\d{1,2}""),"""")"),"20") -> 20 | O40: =AND(OR(H40="",I40="",K40=""),G40="") -> FALSE
A41: Гал. 203 зач.; 2, 16-20. | B41: =LEFT(A41,FIND(".",A41)) -> Гал. | C41: =MID(A41,FIND(".",A41)+2,FIND(" ",RIGHT(A41,LEN(A41)-FIND(".",A41)-1))-1) -> 203 | E41: Неділя 21-ша після 50-ці. Цей і в неділю після Воздвиження | G41: * | H41: pentecost | I41: 21 | K41: 7 | L41: =IFNA( VLOOKUP(LEFT(E41, IFERROR(FIND(" ", E41, 1),1) - 1), lists!$A$31:$B$37, 2, FALSE),"") -> 7 | M41: =IFERROR(__xludf.DUMMYFUNCTION("IFNA(VLOOKUP(IFNA(REGEXEXTRACT(E41, ""(Пасхи|50-ці|посту)""),""""),lists!$A$39:$B$41,2,FALSE),"""")"),"pentecost") -> pentecost | N41: =IFERROR(__xludf.DUMMYFUNCTION("IFNA(REGEXEXTRACT(E41, ""\d{1,2}""),"""")"),"21") -> 21 | O41: =AND(OR(H41="",I41="",K41=""),G41="") -> FALSE
A42: Гал. 205 зач.; 3, 8-12. | B42: =LEFT(A42,FIND(".",A42)) -> Гал. | C42: =MID(A42,FIND(".",A42)+2,FIND(" ",RIGHT(A42,LEN(A42)-FIND(".",A42)-1))-1) -> 205 | E42: Субота 26-та і субота перед Різдвом Христовим | G42: * | H42: pentecost | I42: 26 | K42: 6 | L42: =IFNA( VLOOKUP(LEFT(E42, IFERROR(FIND(" ", E42, 1),1) - 1), lists!$A$31:$B$37, 2, FALSE),"") -> 6 | M42: =IFERROR(__xludf.DUMMYFUNCTION("IFNA(VLOOKUP(IFNA(REGEXEXTRACT(E42, ""(Пасхи|50-ці|посту)""),""""),lists!$A$39:$B$41,2,FALSE),"""")"),"") | N42: =IFERROR(__xludf.DUMMYFUNCTION("IFNA(REGEXEXTRACT(E42, ""\d{1,2}""),"""")"),"26") -> 26 | O42: =AND(OR(H42="",I42="",K42=""),G42="") -> FALSE
A43: Гал. 206 зач.; 3, 13-14. | B43: =LEFT(A43,FIND(".",A43)) -> Гал. | C43: =MID(A43,FIND(".",A43)+2,FIND(" ",RIGHT(A43,LEN(A43)-FIND(".",A43)-1))-1) -> 206 | E43: Великій суботі на Утрені | G43: na | L43: =IFNA( VLOOKUP(LEFT(E43, IFERROR(FIND(" ", E43, 1),1) - 1), lists!$A$31:$B$37, 2, FALSE),"") | M43: =IFERROR(__xludf.DUMMYFUNCTION("IFNA(VLOOKUP(IFNA(REGEXEXTRACT(E43, ""(Пасхи|50-ці|посту)""),""""),lists!$A$39:$B$41,2,FALSE),"""")"),"") | N43: =IFERROR(__xludf.DUMMYFUNCTION("IFNA(REGEXEXTRACT(E43, ""\d{1,2}""),"""")"),"") | O43: =AND(OR(H43="",I43="",K43=""),G43="") -> FALSE
A44: Гал. 208 зач.; 3, 23-29. | B44: =LEFT(A44,FIND(".",A44)) -> Гал. | C44: =MID(A44,FIND(".",A44)+2,FIND(" ",RIGHT(A44,LEN(A44)-FIND(".",A44)-1))-1) -> 208 | D44: b | E44: Преподобним жінкам | G44: * | L44: =IFNA( VLOOKUP(LEFT(E44, IFERROR(FIND(" ", E44, 1),1) - 1), lists!$A$31:$B$37, 2, FALSE),"") | M44: =IFERROR(__xludf.DUMMYFUNCTION("IFNA(VLOOKUP(IFNA(REGEXEXTRACT(E44, ""(Пасхи|50-ці|посту)""),""""),lists!$A$39:$B$41,2,FALSE),"""")"),"") | N44: =IFERROR(__xludf.DUMMYFUNCTION("IFNA(REGEXEXTRACT(E44, ""\d{1,2}""),"""")"),"") | O44: =AND(OR(H44="",I44="",K44=""),G44="") -> FALSE
A45: Гал. 209 зач.; 4, 4-7. | B45: =LEFT(A45,FIND(".",A45)) -> Гал. | C45: =MID(A45,FIND(".",A45)+2,FIND(" ",RIGHT(A45,LEN(A45)-FIND(".",A45)-1))-1) -> 209 | E45: Різдво Христове | G45: * | L45: =IFNA( VLOOKUP(LEFT(E45, IFERROR(FIND(" ", E45, 1),1) - 1), lists!$A$31:$B$37, 2, FALSE),"") | M45: =IFERROR(__xludf.DUMMYFUNCTION("IFNA(VLOOKUP(IFNA(REGEXEXTRACT(E45, ""(Пасхи|50-ці|посту)""),""""),lists!$A$39:$B$41,2,FALSE),"""")"),"") | N45: =IFERROR(__xludf.DUMMYFUNCTION("IFNA(REGEXEXTRACT(E45, ""\d{1,2}""),"""")"),"") | O45: =AND(OR(H45="",I45="",K45=""),G45="") -> FALSE
A46: Гал. 210 зач.; 4, 22-31. | B46: =LEFT(A46,FIND(".",A46)) -> Гал. | C46: =MID(A46,FIND(".",A46)+2,FIND(" ",RIGHT(A46,LEN(A46)-FIND(".",A46)-1))-1) -> 210 | D46: b | E46: 9-го вересня, святим Йоакимові й Анні | G46: * | I46: 9 | L46: =IFNA( VLOOKUP(LEFT(E46, IFERROR(FIND(" ", E46, 1),1) - 1), lists!$A$31:$B$37, 2, FALSE),"") | M46: =IFERROR(__xludf.DUMMYFUNCTION("IFNA(VLOOKUP(IFNA(REGEXEXTRACT(E46, ""(Пасхи|50-ці|посту)""),""""),lists!$A$39:$B$41,2,FALSE),"""")"),"") | N46: =IFERROR(__xludf.DUMMYFUNCTION("IFNA(REGEXEXTRACT(E46, ""\d{1,2}""),"""")"),"9") -> 9 | O46: =AND(OR(H46="",I46="",K46=""),G46="") -> FALSE
A47: Гал. 210 зач.; 4, 8-14. | B47: =LEFT(A47,FIND(".",A47)) -> Гал. | C47: =MID(A47,FIND(".",A47)+2,FIND(" ",RIGHT(A47,LEN(A47)-FIND(".",A47)-1))-1) -> 210 | D47: c | E47: Хворим | G47: * | L47: =IFNA( VLOOKUP(LEFT(E47, IFERROR(FIND(" ", E47, 1),1) - 1), lists!$A$31:$B$37, 2, FALSE),"") | M47: =IFERROR(__xludf.DUMMYFUNCTION("IFNA(VLOOKUP(IFNA(REGEXEXTRACT(E47, ""(Пасхи|50-ці|посту)""),""""),lists!$A$39:$B$41,2,FALSE),"""")"),"") | N47: =IFERROR(__xludf.DUMMYFUNCTION("IFNA(REGEXEXTRACT(E47, ""\d{1,2}""),"""")"),"") | O47: =AND(OR(H47="",I47="",K47=""),G47="") -> FALSE
A48: Гал. 213 зач.; 5, 22 – 6, 2. | B48: =LEFT(A48,FIND(".",A48)) -> Гал. | C48: =MID(A48,FIND(".",A48)+2,FIND(" ",RIGHT(A48,LEN(A48)-FIND(".",A48)-1))-1) -> 213 | E48: Субота 27-ма після 50-ці. Цей і преподобним | G48: * | H48: pentecost | I48: 27 | K48: 6 | L48: =IFNA( VLOOKUP(LEFT(E48, IFERROR(FIND(" ", E48, 1),1) - 1), lists!$A$31:$B$37, 2, FALSE),"") -> 6 | M48: =IFERROR(__xludf.DUMMYFUNCTION("IFNA(VLOOKUP(IFNA(REGEXEXTRACT(E48, ""(Пасхи|50-ці|посту)""),""""),lists!$A$39:$B$41,2,FALSE),"""")"),"pentecost") -> pentecost | N48: =IFERROR(__xludf.DUMMYFUNCTION("IFNA(REGEXEXTRACT(E48, ""\d{1,2}""),"""")"),"27") -> 27 | O48: =AND(OR(H48="",I48="",K48=""),G48="") -> FALSE
A49: Гал. 215 зач.; 6, 14-18. | B49: =LEFT(A49,FIND(".",A49)) -> Гал. | C49: =MID(A49,FIND(".",A49)+2,FIND(" ",RIGHT(A49,LEN(A49)-FIND(".",A49)-1))-1) -> 215 | D49: b | E49: Велика п'ятниця на 1-му Часі | G49: na | I49: 1 | L49: =IFNA( VLOOKUP(LEFT(E49, IFERROR(FIND(" ", E49, 1),1) - 1), lists!$A$31:$B$37, 2, FALSE),"") | M49: =IFERROR(__xludf.DUMMYFUNCTION("IFNA(VLOOKUP(IFNA(REGEXEXTRACT(E49, ""(Пасхи|50-ці|посту)""),""""),lists!$A$39:$B$41,2,FALSE),"""")"),"") | N49: =IFERROR(__xludf.DUMMYFUNCTION("IFNA(REGEXEXTRACT(E49, ""\d{1,2}""),"""")"),"1") -> 1 | O49: =AND(OR(H49="",I49="",K49=""),G49="") -> FALSE
A50: Еф. 224 зач.; 4, 7-13. | B50: =LEFT(A50,FIND(".",A50)) -> Еф. | C50: =MID(A50,FIND(".",A50)+2,FIND(" ",RIGHT(A50,LEN(A50)-FIND(".",A50)-1))-1) -> 224 | D50: b | E50: Неділя після Богоявлення. Цей і єрархам | G50: * | K50: 7 | L50: =IFNA( VLOOKUP(LEFT(E50, IFERROR(FIND(" ", E50, 1),1) - 1), lists!$A$31:$B$37, 2, FALSE),"") -> 7 | M50: =IFERROR(__xludf.DUMMYFUNCTION("IFNA(VLOOKUP(IFNA(REGEXEXTRACT(E50, ""(Пасхи|50-ці|посту)""),""""),lists!$A$39:$B$41,2,FALSE),"""")"),"") | N50: =IFERROR(__xludf.DUMMYFUNCTION("IFNA(REGEXEXTRACT(E50, ""\d{1,2}""),"""")"),"") | O50: =AND(OR(H50="",I50="",K50=""),G50="") -> FALSE
A51: Еф. 233 зач.; 6, 10-17. | B51: =LEFT(A51,FIND(".",A51)) -> Еф. | C51: =MID(A51,FIND(".",A51)+2,FIND(" ",RIGHT(A51,LEN(A51)-FIND(".",A51)-1))-1) -> 233 | E51: Неділя 27-га після 50-ці. Цей і в суботу після Богоявлення, і святим мученикам | G51: * | H51: pentecost | I51: 27 | K51: 7 | L51: =IFNA( VLOOKUP(LEFT(E51, IFERROR(FIND(" ", E51, 1),1) - 1), lists!$A$31:$B$37, 2, FALSE),"") -> 7 | M51: =IFERROR(__xludf.DUMMYFUNCTION("IFNA(VLOOKUP(IFNA(REGEXEXTRACT(E51, ""(Пасхи|50-ці|посту)""),""""),lists!$A$39:$B$41,2,FALSE),"""")"),"pentecost") -> pentecost | N51: =IFERROR(__xludf.DUMMYFUNCTION("IFNA(REGEXEXTRACT(E51, ""\d{1,2}""),"""")"),"27") -> 27 | O51: =AND(OR(H51="",I51="",K51=""),G51="") -> FALSE
A52: Флп. 240 зач.; 2, 5-11. | B52: =LEFT(A52,FIND(".",A52)) -> Флп. | C52: =MID(A52,FIND(".",A52)+2,FIND(" ",RIGHT(A52,LEN(A52)-FIND(".",A52)-1))-1) -> 240 | E52: Празник Богородиці | G52: * | L52: =IFNA( VLOOKUP(LEFT(E52, IFERROR(FIND(" ", E52, 1),1) - 1), lists!$A$31:$B$37, 2, FALSE),"") | M52: =IFERROR(__xludf.DUMMYFUNCTION("IFNA(VLOOKUP(IFNA(REGEXEXTRACT(E52, ""(Пасхи|50-ці|посту)""),""""),lists!$A$39:$B$41,2,FALSE),"""")"),"") | N52: =IFERROR(__xludf.DUMMYFUNCTION("IFNA(REGEXEXTRACT(E52, ""\d{1,2}""),"""")"),"") | O52: =AND(OR(H52="",I52="",K52=""),G52="") -> FALSE
A53: Флп. 246 зач.; 3, 20 – 4, 3. | B53: =LEFT(A53,FIND(".",A53)) -> Флп. | C53: =MID(A53,FIND(".",A53)+2,FIND(" ",RIGHT(A53,LEN(A53)-FIND(".",A53)-1))-1) -> 246 | E53: Священномученикам | G53: * | L53: =IFNA( VLOOKUP(LEFT(E53, IFERROR(FIND(" ", E53, 1),1) - 1), lists!$A$31:$B$37, 2, FALSE),"") | M53: =IFERROR(__xludf.DUMMYFUNCTION("IFNA(VLOOKUP(IFNA(REGEXEXTRACT(E53, ""(Пасхи|50-ці|посту)""),""""),lists!$A$39:$B$41,2,FALSE),"""")"),"") | N53: =IFERROR(__xludf.DUMMYFUNCTION("IFNA(REGEXEXTRACT(E53, ""\d{1,2}""),"""")"),"") | O53: =AND(OR(H53="",I53="",K53=""),G53="") -> FALSE
A54: Кол. 254 зач.; 2, 8-12. | B54: =LEFT(A54,FIND(".",A54)) -> Кол. | C54: =MID(A54,FIND(".",A54)+2,FIND(" ",RIGHT(A54,LEN(A54)-FIND(".",A54)-1))-1) -> 254 | E54: На празник Обрізання Христового | G54: * | L54: =IFNA( VLOOKUP(LEFT(E54, IFERROR(FIND(" ", E54, 1),1) - 1), lists!$A$31:$B$37, 2, FALSE),"") | M54: =IFERROR(__xludf.DUMMYFUNCTION("IFNA(VLOOKUP(IFNA(REGEXEXTRACT(E54, ""(Пасхи|50-ці|посту)""),""""),lists!$A$39:$B$41,2,FALSE),"""")"),"") | N54: =IFERROR(__xludf.DUMMYFUNCTION("IFNA(REGEXEXTRACT(E54, ""\d{1,2}""),"""")"),"") | O54: =AND(OR(H54="",I54="",K54=""),G54="") -> FALSE
A55: Кол. 257 зач.; 3, 4-11. | B55: =LEFT(A55,FIND(".",A55)) -> Кол. | C55: =MID(A55,FIND(".",A55)+2,FIND(" ",RIGHT(A55,LEN(A55)-FIND(".",A55)-1))-1) -> 257 | E55: Неділя 29-ма після 50-ці. Цей і в неділю праотцям | G55: * | H55: pentecost | I55: 29 | K55: 7 | L55: =IFNA( VLOOKUP(LEFT(E55, IFERROR(FIND(" ", E55, 1),1) - 1), lists!$A$31:$B$37, 2, FALSE),"") -> 7 | M55: =IFERROR(__xludf.DUMMYFUNCTION("IFNA(VLOOKUP(IFNA(REGEXEXTRACT(E55, ""(Пасхи|50-ці|посту)""),""""),lists!$A$39:$B$41,2,FALSE),"""")"),"pentecost") -> pentecost | N55: =IFERROR(__xludf.DUMMYFUNCTION("IFNA(REGEXEXTRACT(E55, ""\d{1,2}""),"""")"),"29") -> 29 | O55: =AND(OR(H55="",I55="",K55=""),G55="") -> FALSE
A56: Кол. 258 зач.; 3, 12-16. | B56: =LEFT(A56,FIND(".",A56)) -> Кол. | C56: =MID(A56,FIND(".",A56)+2,FIND(" ",RIGHT(A56,LEN(A56)-FIND(".",A56)-1))-1) -> 258 | E56: Неділя 30-та після 50-ці. Цей же і преподобним | G56: * | H56: pentecost | I56: 30 | K56: 7 | L56: =IFNA( VLOOKUP(LEFT(E56, IFERROR(FIND(" ", E56, 1),1) - 1), lists!$A$31:$B$37, 2, FALSE),"") -> 7 | M56: =IFERROR(__xludf.DUMMYFUNCTION("IFNA(VLOOKUP(IFNA(REGEXEXTRACT(E56, ""(Пасхи|50-ці|посту)""),""""),lists!$A$39:$B$41,2,FALSE),"""")"),"pentecost") -> pentecost | N56: =IFERROR(__xludf.DUMMYFUNCTION("IFNA(REGEXEXTRACT(E56, ""\d{1,2}""),"""")"),"30") -> 30 | O56: =AND(OR(H56="",I56="",K56=""),G56="") -> FALSE
A57: Кол. 260 зач.; 4, 5-9; 14; 18. | B57: =LEFT(A57,FIND(".",A57)) -> Кол. | C57: =MID(A57,FIND(".",A57)+2,FIND(" ",RIGHT(A57,LEN(A57)-FIND(".",A57)-1))-1) -> 260 | D57: b | E57: Євангелистові Луці | G57: * | L57: =IFNA( VLOOKUP(LEFT(E57, IFERROR(FIND(" ", E57, 1),1) - 1), lists!$A$31:$B$37, 2, FALSE),"") | M57: =IFERROR(__xludf.DUMMYFUNCTION("IFNA(VLOOKUP(IFNA(REGEXEXTRACT(E57, ""(Пасхи|50-ці|посту)""),""""),lists!$A$39:$B$41,2,FALSE),"""")"),"") | N57: =IFERROR(__xludf.DUMMYFUNCTION("IFNA(REGEXEXTRACT(E57, ""\d{1,2}""),"""")"),"") | O57: =AND(OR(H57="",I57="",K57=""),G57="") -> FALSE
A58: 1 Сол. 270 зач.; 4, 13-17. | B58: =LEFT(A58,FIND(".",A58)) -> 1 Сол. | C58: =MID(A58,FIND(".",A58)+2,FIND(" ",RIGHT(A58,LEN(A58)-FIND(".",A58)-1))-1) -> 270 | E58: Померлим | G58: * | L58: =IFNA( VLOOKUP(LEFT(E58, IFERROR(FIND(" ", E58, 1),1) - 1), lists!$A$31:$B$37, 2, FALSE),"") | M58: =IFERROR(__xludf.DUMMYFUNCTION("IFNA(VLOOKUP(IFNA(REGEXEXTRACT(E58, ""(Пасхи|50-ці|посту)""),""""),lists!$A$39:$B$41,2,FALSE),"""")"),"") | N58: =IFERROR(__xludf.DUMMYFUNCTION("IFNA(REGEXEXTRACT(E58, ""\d{1,2}""),"""")"),"") | O58: =AND(OR(H58="",I58="",K58=""),G58="") -> FALSE
A59: 1 Тим. 280 зач.; 1, 12-17. | B59: =LEFT(A59,FIND(".",A59)) -> 1 Тим. | C59: =MID(A59,FIND(".",A59)+2,FIND(" ",RIGHT(A59,LEN(A59)-FIND(".",A59)-1))-1) -> 280 | D59: a | E59: 2-го жовтня | F59: Тимотея? | G59: * | I59: 2 | L59: =IFNA( VLOOKUP(LEFT(E59, IFERROR(FIND(" ", E59, 1),1) - 1), lists!$A$31:$B$37, 2, FALSE),"") | M59: =IFERROR(__xludf.DUMMYFUNCTION("IFNA(VLOOKUP(IFNA(REGEXEXTRACT(E59, ""(Пасхи|50-ці|посту)""),""""),lists!$A$39:$B$41,2,FALSE),"""")"),"") | N59: =IFERROR(__xludf.DUMMYFUNCTION("IFNA(REGEXEXTRACT(E59, ""\d{1,2}""),"""")"),"2") -> 2 | O59: =AND(OR(H59="",I59="",K59=""),G59="") -> FALSE
A60: 1 Тим. 282 зач.; 2, 1-7. | B60: =LEFT(A60,FIND(".",A60)) -> 1 Тим. | C60: =MID(A60,FIND(".",A60)+2,FIND(" ",RIGHT(A60,LEN(A60)-FIND(".",A60)-1))-1) -> 282 | E60: 1-го вересня | G60: * | I60: 1 | L60: =IFNA( VLOOKUP(LEFT(E60, IFERROR(FIND(" ", E60, 1),1) - 1), lists!$A$31:$B$37, 2, FALSE),"") | M60: =IFERROR(__xludf.DUMMYFUNCTION("IFNA(VLOOKUP(IFNA(REGEXEXTRACT(E60, ""(Пасхи|50-ці|посту)""),""""),lists!$A$39:$B$41,2,FALSE),"""")"),"") | N60: =IFERROR(__xludf.DUMMYFUNCTION("IFNA(REGEXEXTRACT(E60, ""\d{1,2}""),"""")"),"1") -> 1 | O60: =AND(OR(H60="",I60="",K60=""),G60="") -> FALSE
A61: 1 Тим. 284 зач.; 3, 14 – 4, 5. | B61: =LEFT(A61,FIND(".",A61)) -> 1 Тим. | C61: =MID(A61,FIND(".",A61)+2,FIND(" ",RIGHT(A61,LEN(A61)-FIND(".",A61)-1))-1) -> 284 | E61: Субота перед Просвіщенням - Богоявленням | G61: * | K61: 6 | L61: =IFNA( VLOOKUP(LEFT(E61, IFERROR(FIND(" ", E61, 1),1) - 1), lists!$A$31:$B$37, 2, FALSE),"") -> 6 | M61: =IFERROR(__xludf.DUMMYFUNCTION("IFNA(VLOOKUP(IFNA(REGEXEXTRACT(E61, ""(Пасхи|50-ці|посту)""),""""),lists!$A$39:$B$41,2,FALSE),"""")"),"") | N61: =IFERROR(__xludf.DUMMYFUNCTION("IFNA(REGEXEXTRACT(E61, ""\d{1,2}""),"""")"),"") | O61: =AND(OR(H61="",I61="",K61=""),G61="") -> FALSE
A62: 1 Тим. 288 зач.; 6, 11-16. | B62: =LEFT(A62,FIND(".",A62)) -> 1 Тим. | C62: =MID(A62,FIND(".",A62)+2,FIND(" ",RIGHT(A62,LEN(A62)-FIND(".",A62)-1))-1) -> 288 | E62: Субота після Різдва Христового | G62: * | K62: 6 | L62: =IFNA( VLOOKUP(LEFT(E62, IFERROR(FIND(" ", E62, 1),1) - 1), lists!$A$31:$B$37, 2, FALSE),"") -> 6 | M62: =IFERROR(__xludf.DUMMYFUNCTION("IFNA(VLOOKUP(IFNA(REGEXEXTRACT(E62, ""(Пасхи|50-ці|посту)""),""""),lists!$A$39:$B$41,2,FALSE),"""")"),"") | N62: =IFERROR(__xludf.DUMMYFUNCTION("IFNA(REGEXEXTRACT(E62, ""\d{1,2}""),"""")"),"") | O62: =AND(OR(H62="",I62="",K62=""),G62="") -> FALSE
A63: 2 Тим. 290 зач.; 1, 3-9. | B63: =LEFT(A63,FIND(".",A63)) -> 2 Тим. | C63: =MID(A63,FIND(".",A63)+2,FIND(" ",RIGHT(A63,LEN(A63)-FIND(".",A63)-1))-1) -> 290 | D63: b | E63: Святому апостолові Тимотеєві | G63: * | L63: =IFNA( VLOOKUP(LEFT(E63, IFERROR(FIND(" ", E63, 1),1) - 1), lists!$A$31:$B$37, 2, FALSE),"") | M63: =IFERROR(__xludf.DUMMYFUNCTION("IFNA(VLOOKUP(IFNA(REGEXEXTRACT(E63, ""(Пасхи|50-ці|посту)""),""""),lists!$A$39:$B$41,2,FALSE),"""")"),"") | N63: =IFERROR(__xludf.DUMMYFUNCTION("IFNA(REGEXEXTRACT(E63, ""\d{1,2}""),"""")"),"") | O63: =AND(OR(H63="",I63="",K63=""),G63="") -> FALSE
A64: 2 Тим. 291 зач.; 1, 8-18. | B64: =LEFT(A64,FIND(".",A64)) -> 2 Тим. | C64: =MID(A64,FIND(".",A64)+2,FIND(" ",RIGHT(A64,LEN(A64)-FIND(".",A64)-1))-1) -> 291 | E64: 28-го листопада і ісповідникам | G64: * | I64: 28 | L64: =IFNA( VLOOKUP(LEFT(E64, IFERROR(FIND(" ", E64, 1),1) - 1), lists!$A$31:$B$37, 2, FALSE),"") | M64: =IFERROR(__xludf.DUMMYFUNCTION("IFNA(VLOOKUP(IFNA(REGEXEXTRACT(E64, ""(Пасхи|50-ці|посту)""),""""),lists!$A$39:$B$41,2,FALSE),"""")"),"") | N64: =IFERROR(__xludf.DUMMYFUNCTION("IFNA(REGEXEXTRACT(E64, ""\d{1,2}""),"""")"),"28") -> 28 | O64: =AND(OR(H64="",I64="",K64=""),G64="") -> FALSE
A65: 2 Тим. 292 зач.; 2, 1-10. | B65: =LEFT(A65,FIND(".",A65)) -> 2 Тим. | C65: =MID(A65,FIND(".",A65)+2,FIND(" ",RIGHT(A65,LEN(A65)-FIND(".",A65)-1))-1) -> 292 | E65: Мученикам | G65: * | L65: =IFNA( VLOOKUP(LEFT(E65, IFERROR(FIND(" ", E65, 1),1) - 1), lists!$A$31:$B$37, 2, FALSE),"") | M65: =IFERROR(__xludf.DUMMYFUNCTION("IFNA(VLOOKUP(IFNA(REGEXEXTRACT(E65, ""(Пасхи|50-ці|посту)""),""""),lists!$A$39:$B$41,2,FALSE),"""")"),"") | N65: =IFERROR(__xludf.DUMMYFUNCTION("IFNA(REGEXEXTRACT(E65, ""\d{1,2}""),"""")"),"") | O65: =AND(OR(H65="",I65="",K65=""),G65="") -> FALSE
A66: 2 Тим. 298 зач.; 4, 5-8. | B66: =LEFT(A66,FIND(".",A66)) -> 2 Тим. | C66: =MID(A66,FIND(".",A66)+2,FIND(" ",RIGHT(A66,LEN(A66)-FIND(".",A66)-1))-1) -> 298 | E66: Неділя перед Просвіщенням - Богоявленням | G66: * | K66: 7 | L66: =IFNA( VLOOKUP(LEFT(E66, IFERROR(FIND(" ", E66, 1),1) - 1), lists!$A$31:$B$37, 2, FALSE),"") -> 7 | M66: =IFERROR(__xludf.DUMMYFUNCTION("IFNA(VLOOKUP(IFNA(REGEXEXTRACT(E66, ""(Пасхи|50-ці|посту)""),""""),lists!$A$39:$B$41,2,FALSE),"""")"),"") | N66: =IFERROR(__xludf.DUMMYFUNCTION("IFNA(REGEXEXTRACT(E66, ""\d{1,2}""),"""")"),"") | O66: =AND(OR(H66="",I66="",K66=""),G66="") -> FALSE
A67: Тит. 300 зач.; 1, 1-4; 2, 15 - 3, 4; 12-13; 15. | B67: =LEFT(A67,FIND(".",A67)) -> Тит. | C67: =MID(A67,FIND(".",A67)+2,FIND(" ",RIGHT(A67,LEN(A67)-FIND(".",A67)-1))-1) -> 300 | D67: b | E67: 25-го серпня, Титові | G67: * | I67: 25 | L67: =IFNA( VLOOKUP(LEFT(E67, IFERROR(FIND(" ", E67, 1),1) - 1), lists!$A$31:$B$37, 2, FALSE),"") | M67: =IFERROR(__xludf.DUMMYFUNCTION("IFNA(VLOOKUP(IFNA(REGEXEXTRACT(E67, ""(Пасхи|50-ці|посту)""),""""),lists!$A$39:$B$41,2,FALSE),"""")"),"") | N67: =IFERROR(__xludf.DUMMYFUNCTION("IFNA(REGEXEXTRACT(E67, ""\d{1,2}""),"""")"),"25") -> 25 | O67: =AND(OR(H67="",I67="",K67=""),G67="") -> FALSE
A68: Тит. 302 зач.; 2, 11-14; 3, 4-7. | B68: =LEFT(A68,FIND(".",A68)) -> Тит. | C68: =MID(A68,FIND(".",A68)+2,FIND(" ",RIGHT(A68,LEN(A68)-FIND(".",A68)-1))-1) -> 302 | D68: a | E68: Хрищення Господнє | G68: * | L68: =IFNA( VLOOKUP(LEFT(E68, IFERROR(FIND(" ", E68, 1),1) - 1), lists!$A$31:$B$37, 2, FALSE),"") | M68: =IFERROR(__xludf.DUMMYFUNCTION("IFNA(VLOOKUP(IFNA(REGEXEXTRACT(E68, ""(Пасхи|50-ці|посту)""),""""),lists!$A$39:$B$41,2,FALSE),"""")"),"") | N68: =IFERROR(__xludf.DUMMYFUNCTION("IFNA(REGEXEXTRACT(E68, ""\d{1,2}""),"""")"),"") | O68: =AND(OR(H68="",I68="",K68=""),G68="") -> FALSE
A69: Тит. 302 зач.; 3, 8-15. | B69: =LEFT(A69,FIND(".",A69)) -> Тит. | C69: =MID(A69,FIND(".",A69)+2,FIND(" ",RIGHT(A69,LEN(A69)-FIND(".",A69)-1))-1) -> 302 | D69: b | E69: На згадку 5-го Собору | G69: * | I69: 5 | L69: =IFNA( VLOOKUP(LEFT(E69, IFERROR(FIND(" ", E69, 1),1) - 1), lists!$A$31:$B$37, 2, FALSE),"") | M69: =IFERROR(__xludf.DUMMYFUNCTION("IFNA(VLOOKUP(IFNA(REGEXEXTRACT(E69, ""(Пасхи|50-ці|посту)""),""""),lists!$A$39:$B$41,2,FALSE),"""")"),"") | N69: =IFERROR(__xludf.DUMMYFUNCTION("IFNA(REGEXEXTRACT(E69, ""\d{1,2}""),"""")"),"5") -> 5 | O69: =AND(OR(H69="",I69="",K69=""),G69="") -> FALSE
A70: Фил. 302 зач.; 1, 1-25. | B70: =LEFT(A70,FIND(".",A70)) -> Фил. | C70: =MID(A70,FIND(".",A70)+2,FIND(" ",RIGHT(A70,LEN(A70)-FIND(".",A70)-1))-1) -> 302 | D70: c | E70: 22-го листопада, у пам'ять святого Апостола Филимона | G70: * | I70: 22 | L70: =IFNA( VLOOKUP(LEFT(E70, IFERROR(FIND(" ", E70, 1),1) - 1), lists!$A$31:$B$37, 2, FALSE),"") | M70: =IFERROR(__xludf.DUMMYFUNCTION("IFNA(VLOOKUP(IFNA(REGEXEXTRACT(E70, ""(Пасхи|50-ці|посту)""),""""),lists!$A$39:$B$41,2,FALSE),"""")"),"") | N70: =IFERROR(__xludf.DUMMYFUNCTION("IFNA(REGEXEXTRACT(E70, ""\d{1,2}""),"""")"),"22") -> 22 | O70: =AND(OR(H70="",I70="",K70=""),G70="") -> FALSE
A71: Євр. 303 зач.; 1, 1-12. | B71: =LEFT(A71,FIND(".",A71)) -> Євр. | C71: =MID(A71,FIND(".",A71)+2,FIND(" ",RIGHT(A71,LEN(A71)-FIND(".",A71)-1))-1) -> 303 | E71: Перша субота посту. Цей і в навечір'я Різдва Христового | G71: na | H71: lent | I71: 1 | K71: 6 | L71: =IFNA( VLOOKUP(LEFT(E71, IFERROR(FIND(" ", E71, 1),1) - 1), lists!$A$31:$B$37, 2, FALSE),"") | M71: =IFERROR(__xludf.DUMMYFUNCTION("IFNA(VLOOKUP(IFNA(REGEXEXTRACT(E71, ""(Пасхи|50-ці|посту)""),""""),lists!$A$39:$B$41,2,FALSE),"""")"),"lent") -> lent | N71: =IFERROR(__xludf.DUMMYFUNCTION("IFNA(REGEXEXTRACT(E71, ""\d{1,2}""),"""")"),"") | O71: =AND(OR(H71="",I71="",K71=""),G71="") -> FALSE
A72: Євр. 305 зач.; 2, 2-10. | B72: =LEFT(A72,FIND(".",A72)) -> Євр. | C72: =MID(A72,FIND(".",A72)+2,FIND(" ",RIGHT(A72,LEN(A72)-FIND(".",A72)-1))-1) -> 305 | E72: 8-го листопада і ангелам | G72: * | I72: 8 | L72: =IFNA( VLOOKUP(LEFT(E72, IFERROR(FIND(" ", E72, 1),1) - 1), lists!$A$31:$B$37, 2, FALSE),"") | M72: =IFERROR(__xludf.DUMMYFUNCTION("IFNA(VLOOKUP(IFNA(REGEXEXTRACT(E72, ""(Пасхи|50-ці|посту)""),""""),lists!$A$39:$B$41,2,FALSE),"""")"),"") | N72: =IFERROR(__xludf.DUMMYFUNCTION("IFNA(REGEXEXTRACT(E72, ""\d{1,2}""),"""")"),"8") -> 8 | O72: =AND(OR(H72="",I72="",K72=""),G72="") -> FALSE
A73: Євр. 306 зач.; 2, 11-18. | B73: =LEFT(A73,FIND(".",A73)) -> Євр. | C73: =MID(A73,FIND(".",A73)+2,FIND(" ",RIGHT(A73,LEN(A73)-FIND(".",A73)-1))-1) -> 306 | E73: На Благовіщення й на Собор Богородиці. Цей же і в Велику п'ятницю на 6-му Часі | G73: * | I73: 6 | L73: =IFNA( VLOOKUP(LEFT(E73, IFERROR(FIND(" ", E73, 1),1) - 1), lists!$A$31:$B$37, 2, FALSE),"") | M73: =IFERROR(__xludf.DUMMYFUNCTION("IFNA(VLOOKUP(IFNA(REGEXEXTRACT(E73, ""(Пасхи|50-ці|посту)""),""""),lists!$A$39:$B$41,2,FALSE),"""")"),"") | N73: =IFERROR(__xludf.DUMMYFUNCTION("IFNA(REGEXEXTRACT(E73, ""\d{1,2}""),"""")"),"6") -> 6 | O73: =AND(OR(H73="",I73="",K73=""),G73="") -> FALSE
A74: Євр. 307 зач.; 3, 1-4. | B74: =LEFT(A74,FIND(".",A74)) -> Євр. | C74: =MID(A74,FIND(".",A74)+2,FIND(" ",RIGHT(A74,LEN(A74)-FIND(".",A74)-1))-1) -> 307 | E74: На освячення церкви | G74: * | L74: =IFNA( VLOOKUP(LEFT(E74, IFERROR(FIND(" ", E74, 1),1) - 1), lists!$A$31:$B$37, 2, FALSE),"") | M74: =IFERROR(__xludf.DUMMYFUNCTION("IFNA(VLOOKUP(IFNA(REGEXEXTRACT(E74, ""(Пасхи|50-ці|посту)""),""""),lists!$A$39:$B$41,2,FALSE),"""")"),"") | N74: =IFERROR(__xludf.DUMMYFUNCTION("IFNA(REGEXEXTRACT(E74, ""\d{1,2}""),"""")"),"") | O74: =AND(OR(H74="",I74="",K74=""),G74="") -> FALSE
